Time,Force
0.0,0.06469899448872997
0.004001600640256103,-0.021500392535388196
0.008003201280512205,0.1592730805548063
0.012004801920768308,0.10143251789489566
0.01600640256102441,0.21725818853363604
0.020008003201280513,-0.02688878631031906
0.024009603841536616,0.04835434870422879
0.028011204481792718,0.14897094334340463
0.03201280512204882,0.27664046742665716
0.03601440576230493,0.22458038362064467
0.040016006402561026,0.10391396870888428
0.044017607042817125,0.39594976676354915
0.04801920768307323,0.2083251932793053
0.05202080832332934,0.16554764465030203
0.056022408963585436,0.1989535887312635
0.060024009603841535,0.16241083624032954
0.06402561024409764,0.08995779782818553
0.06802721088435375,0.3219560127841768
0.07202881152460985,0.19694870392160707
0.07603041216486595,0.4024284483939552
0.08003201280512205,0.48799403107432976
0.08403361344537816,0.44557591231066523
0.08803521408563425,0.43049752763907195
0.09203681472589036,0.2900274601839009
0.09603841536614646,0.5465544730424696
0.10004001600640257,0.6742575078048885
0.10404161664665867,0.6378876131836071
0.10804321728691477,0.38126778959404783
0.11204481792717087,0.5235793064748505
0.11604641856742698,0.5199450575400908
0.12004801920768307,0.5250369563563599
0.12404961984793918,0.5839448691041641
0.12805122048819528,0.8139090622005334
0.13205282112845138,0.6240612037524106
0.1360544217687075,0.5845702710181634
0.1400560224089636,0.6742222401027782
0.1440576230492197,0.5282705434313879
0.1480592236894758,0.6028989660259266
0.1520608243297319,0.7877650589232167
0.156062424969988,0.7223357113573511
0.1600640256102441,0.9277520982646852
0.1640656262505002,0.7581376930447613
0.16806722689075632,0.6202849788393657
0.1720688275310124,0.5995611028218879
0.1760704281712685,0.8711277400228692
0.18007202881152462,0.6793980612106663
0.1840736294517807,0.6827122484704354
0.18807523009203683,0.756281439870044
0.19207683073229292,0.9190376348305236
0.19607843137254902,0.7939433527838123
0.20008003201280514,0.757525967047075
0.20408163265306123,0.9735822750487673
0.20808323329331735,0.9668098138352985
0.21208483393357344,1.03926938340605
0.21608643457382953,1.0172944745577048
0.22008803521408565,0.9972985394648791
0.22408963585434175,0.8251714435354831
0.22809123649459784,0.9747267635076303
0.23209283713485396,1.0384519050891752
0.23609443777511005,1.1103656020471333
0.24009603841536614,0.949325442332681
0.24409763905562226,0.8900710510856674
0.24809923969587835,0.8575318802261689
0.25210084033613445,1.050187449198263
0.25610244097639057,0.8914895169906535
0.2601040416166467,0.9744215449260824
0.26410564225690275,0.8808194900993465
0.26810724289715887,0.9577148964453432
0.272108843537415,1.0218769060003654
0.27611044417767105,1.008883161619008
0.2801120448179272,1.059339685804354
0.2841136454581833,0.8513277157407114
0.2881152460984394,0.979878997106746
0.2921168467386955,0.9469127476399487
0.2961184473789516,0.8976991710809952
0.3001200480192077,0.9225858890373998
0.3041216486594638,0.9093326574808822
0.3081232492997199,1.0345376999417282
0.312124849939976,1.039962154841201
0.3161264505802321,1.0875140496475177
0.3201280512204882,1.0323609900675033
0.32412965186074433,1.0146380428672077
0.3281312525010004,1.005449900739827
0.3321328531412565,1.063530380894899
0.33613445378151263,0.7832841364021801
0.3401360544217687,0.9856638266509999
0.3441376550620248,1.0205074428916787
0.34813925570228094,1.164564758044442
0.352140856342537,0.8708640729286737
0.3561424569827931,0.8633624634362362
0.36014405762304924,0.7465871993876626
0.36414565826330536,0.8298511913715599
0.3681472589035614,0.9486564502023728
0.37214885954381755,0.8858554419471145
0.37615046018407367,0.8778088410199314
0.38015206082432973,0.9483469130209633
0.38415366146458585,0.9976129251444213
0.38815526210484197,0.9335850851459986
0.39215686274509803,0.9275834679239785
0.39615846338535415,0.9574833424429786
0.4001600640256103,0.7256931764553299
0.40416166466586634,0.9133413429323436
0.40816326530612246,0.8840659684486828
0.4121648659463786,0.8816096671355075
0.4161664665866347,0.8143209566591197
0.42016806722689076,0.8422375447274543
0.4241696678671469,0.892761976463172
0.428171268507403,1.0027733657784486
0.43217286914765907,0.6617657518070326
0.4361744697879152,0.8767828538889568
0.4401760704281713,0.929764353867884
0.44417767106842737,0.6689721500584529
0.4481792717086835,0.7658182886459727
0.4521808723489396,0.7987547942937727
0.4561824729891957,0.9591808844184738
0.4601840736294518,0.9624244443585404
0.4641856742697079,0.6045285278449342
0.468187274909964,0.687589933211976
0.4721888755502201,0.7236892393199825
0.4761904761904762,0.7450308468075038
0.4801920768307323,0.6948344793158934
0.4841936774709884,0.5650424735439945
0.4881952781112445,0.5454578926802631
0.49219687875150064,0.4751407315166446
0.4961984793917567,0.41153148631091685
0.5002000800320128,0.4412651812227766
0.5042016806722689,0.69766276576872
0.508203281312525,0.6361458307330625
0.5122048819527811,0.6038269790364884
0.5162064825930373,0.5093892732314247
0.5202080832332934,0.5104589126571493
0.5242096838735495,0.47048261882758424
0.5282112845138055,0.32120253023220846
0.5322128851540616,0.5270163183408485
0.5362144857943177,0.5296820910724731
0.5402160864345739,0.3113697990004315
0.54421768707483,0.293096038522818
0.5482192877150861,0.4250520588103378
0.5522208883553421,0.40566868664675154
0.5562224889955982,0.4259912088921808
0.5602240896358543,0.4752895322404866
0.5642256902761105,0.20921610252452966
0.5682272909163666,0.2877565373895294
0.5722288915566227,0.17673442177520526
0.5762304921968788,0.16465679862528187
0.5802320928371348,0.1951427623947938
0.584233693477391,0.36267916018412616
0.5882352941176471,0.30955902392378665
0.5922368947579032,0.17194879898135734
0.5962384953981593,-0.05589691671114819
0.6002400960384154,0.17920925954832936
0.6042416966786714,0.15706082140010424
0.6082432973189276,0.006848336707036606
0.6122448979591837,0.1633513142936277
0.6162464985994398,-0.034958881531185086
0.6202480992396959,0.12311510628086841
0.624249699879952,0.04444929098719623
0.6282513005202081,-0.14564534109098387
0.6322529011604642,-0.055818236616251925
0.6362545018007203,-0.025204304484079162
0.6402561024409764,-0.029636626219631326
0.6442577030812325,0.023706189319502302
0.6482593037214887,0.016238636285398497
0.6522609043617448,-0.14328862232494372
0.6562625050020008,-0.08333353388967793
0.6602641056422569,0.0017440422392371036
0.664265706282513,-0.2806361419069463
0.6682673069227691,-0.25921433125357474
0.6722689075630253,-0.38350097735232014
0.6762705082032814,-0.3006126121550907
0.6802721088435374,-0.23627809302081546
0.6842737094837935,-0.48775488717051396
0.6882753101240496,-0.25160924919738065
0.6922769107643058,-0.36160345478108685
0.6962785114045619,-0.33956581974470446
0.700280112044818,-0.46898164526006614
0.704281712685074,-0.3809755838103364
0.7082833133253301,-0.22133618294520394
0.7122849139655862,-0.44758738839820195
0.7162865146058424,-0.647088324402102
0.7202881152460985,-0.32243460467163376
0.7242897158863546,-0.4074065930304686
0.7282913165266107,-0.46990184156796605
0.7322929171668667,-0.4399637784836038
0.7362945178071229,-0.5057813902621282
0.740296118447379,-0.36676462604087523
0.7442977190876351,-0.47273694020951995
0.7482993197278912,-0.6102056664699537
0.7523009203681473,-0.43176800069778254
0.7563025210084033,-0.41513274640060904
0.7603041216486595,-0.52202353995044
0.7643057222889156,-0.5880502664111835
0.7683073229291717,-0.7295845135949983
0.7723089235694278,-0.5907826565940565
0.7763105242096839,-0.6354557285138068
0.7803121248499401,-0.6915785074460681
0.7843137254901961,-0.6333355248771385
0.7883153261304522,-0.7086391720979637
0.7923169267707083,-0.6762620543104895
0.7963185274109644,-0.6410602305372006
0.8003201280512205,-0.8909572235559615
0.8043217286914767,-0.873216606368151
0.8083233293317327,-0.874564007192406
0.8123249299719888,-0.6016200626904108
0.8163265306122449,-0.744234217690778
0.820328131252501,-0.7465571764440362
0.8243297318927572,-0.7175847607221524
0.8283313325330133,-0.9461710092675422
0.8323329331732694,-1.0559737490154788
0.8363345338135254,-0.8687309462235762
0.8403361344537815,-0.7826413128216629
0.8443377350940376,-0.9017623567180699
0.8483393357342938,-1.0282483710656514
0.8523409363745499,-0.9906720283786741
0.856342537014806,-1.0266094140878326
0.860344137655062,-0.9780906742409557
0.8643457382953181,-1.0405958691220694
0.8683473389355743,-0.9174133694304789
0.8723489395758304,-0.993909735498662
0.8763505402160865,-0.8824927474745117
0.8803521408563426,-1.0497895154359824
0.8843537414965986,-0.9325316339965088
0.8883553421368547,-0.967367319439047
0.8923569427771109,-0.9291598524779164
0.896358543417367,-0.9198589286697656
0.9003601440576231,-0.9135436542671177
0.9043617446978792,-0.8988187660377837
0.9083633453381353,-0.9312586878952107
0.9123649459783914,-0.9588999994174487
0.9163665466186475,-1.0581620000685714
0.9203681472589036,-0.908822058421664
0.9243697478991597,-1.0655924518875413
0.9283713485394158,-1.0267049649379791
0.932372949179672,-1.0848892436432962
0.936374549819928,-1.087782552451368
0.9403761504601841,-1.0316449359854833
0.9443777511004402,-1.023257776828517
0.9483793517406963,-1.080920242312111
0.9523809523809524,-0.9965780175891461
0.9563825530212086,-0.9819081251482419
0.9603841536614646,-1.050482594482414
0.9643857543017207,-0.7650425997657733
0.9683873549419768,-0.9583505859551968
0.9723889555822329,-0.9770108712386963
0.976390556222489,-1.0532540647922308
0.9803921568627452,-0.9683008274373041
0.9843937575030013,-0.954038158036956
0.9883953581432573,-0.974107713069765
0.9923969587835134,-0.8271472392522057
0.9963985594237695,-1.1340236391286291
1.0004001600640255,-0.9963927347728969
1.0044017607042817,-0.8810659379900255
1.0084033613445378,-1.0358291430667466
1.012404961984794,-1.094164790582266
1.01640656262505,-0.9843450690273101
1.0204081632653061,-0.8206477546959312
1.0244097639055623,-1.004552353794898
1.0284113645458184,-0.9447468361810325
1.0324129651860745,-0.8584398443859221
1.0364145658263306,-0.9496417148251945
1.0404161664665867,-0.926472954724453
1.0444177671068429,-0.9380960160650776
1.048419367747099,-0.9197326588631378
1.0524209683873549,-0.968966555500387
1.056422569027611,-0.8677783183588684
1.0604241696678671,-0.72466644600886
1.0644257703081232,-0.6615160823287957
1.0684273709483794,-0.683194492343313
1.0724289715886355,-0.7824619516215168
1.0764305722288916,-0.6180832660672754
1.0804321728691477,-0.5411052559531293
1.0844337735094038,-0.7403775547048351
1.08843537414966,-0.844372269987965
1.092436974789916,-0.6006343228191627
1.0964385754301722,-0.8383957034394549
1.1004401760704283,-0.7926297946605941
1.1044417767106842,-0.8978822768379651
1.1084433773509403,-0.6022614081135367
1.1124449779911965,-0.8916508474788889
1.1164465786314526,-0.545660733184886
1.1204481792717087,-0.44858285943867243
1.1244497799119648,-0.4410787340572768
1.128451380552221,-0.7245219537935352
1.132452981192477,-0.7681536446782004
1.1364545818327332,-0.6296437937749753
1.1404561824729893,-0.46086098640672846
1.1444577831132454,-0.4115665911197661
1.1484593837535015,-0.44844781866470823
1.1524609843937577,-0.4448434315363228
1.1564625850340136,-0.24409044961243884
1.1604641856742697,-0.5103501196393555
1.1644657863145258,-0.5225128248057305
1.168467386954782,-0.5456199581929508
1.172468987595038,-0.3652310490597134
1.1764705882352942,-0.4081399760867007
1.1804721888755503,-0.28918799342826196
1.1844737895158064,-0.3980930862208304
1.1884753901560625,-0.2713708549047038
1.1924769907963186,-0.3537118043355329
1.1964785914365748,-0.3125475587682099
1.2004801920768309,-0.28390838666360063
1.2044817927170868,-0.42786088323340743
1.208483393357343,-0.2524473563350454
1.212484993997599,-0.16275728876555628
1.2164865946378551,-0.2982177695892499
1.2204881952781113,0.011250440409914464
1.2244897959183674,-0.15955651195023124
1.2284913965586235,-0.2029444937848162
1.2324929971988796,-0.18615271961889462
1.2364945978391357,0.03650900530814831
1.2404961984793919,-0.16309741541119538
1.244497799119648,-0.030849333683834638
1.248499399759904,0.047626534706291114
1.2525010004001602,0.03474274267265125
1.2565026010404161,-0.05694003168366292
1.2605042016806722,0.10325667051974066
1.2645058023209284,0.054911200599794215
1.2685074029611845,-0.11267732373382103
1.2725090036014406,0.20160299687663247
1.2765106042416967,0.03784568732884329
1.2805122048819528,0.10153201520271267
1.284513805522209,0.16987937595255279
1.288515406162465,0.10552847661806519
1.2925170068027212,0.25412973843763864
1.2965186074429773,0.08770478938484301
1.3005202080832334,0.1602213505090253
1.3045218087234896,0.35971516049913244
1.3085234093637454,0.2590590506106487
1.3125250100040016,0.1701357489483062
1.3165266106442577,0.3028653949696206
1.3205282112845138,0.35421526869208375
1.32452981192477,0.17437956874815025
1.328531412565026,0.5172082273814743
1.3325330132052822,0.549377646109532
1.3365346138455383,0.40094656315434646
1.3405362144857944,0.3872918241070037
1.3445378151260505,0.4277848551232793
1.3485394157663066,0.5328156743547292
1.3525410164065628,0.5066141000084774
1.3565426170468189,0.502933891477745
1.3605442176870748,0.6347102344202543
1.364545818327331,0.6268385173868911
1.368547418967587,0.43481502587622023
1.3725490196078431,0.6363952483928256
1.3765506202480993,0.6794477663948875
1.3805522208883554,0.6085158286629574
1.3845538215286115,0.6567648994940085
1.3885554221688676,0.5820505208595328
1.3925570228091237,0.5080397711589368
1.3965586234493799,0.8326455305154933
1.400560224089636,0.5251495916386655
1.404561824729892,0.8421359401930995
1.408563425370148,0.6821296224616931
1.4125650260104041,0.8277672816625864
1.4165666266506602,0.7194022833255345
1.4205682272909164,0.8246520638146357
1.4245698279311725,0.7893041439650362
1.4285714285714286,0.6906907545710936
1.4325730292116847,0.7839468071875637
1.4365746298519408,0.7688397901522768
1.440576230492197,0.8597153659128495
1.444577831132453,0.8215375204594472
1.4485794317727092,0.8476419638665238
1.4525810324129653,0.7277541385995784
1.4565826330532214,0.7135107267515918
1.4605842336934773,0.8590325338869593
1.4645858343337335,0.8804297490757304
1.4685874349739896,0.7670774218172828
1.4725890356142457,0.9390002589023582
1.4765906362545018,0.9526065048386386
1.480592236894758,0.9156161266614904
1.484593837535014,0.9101170825524704
1.4885954381752702,0.7899702882603511
1.4925970388155263,0.7961034248520551
1.4965986394557824,0.9714403510167261
1.5006002400960385,0.8562339429391562
1.5046018407362947,0.8699504769801476
1.5086034413765508,0.9799176340481732
1.5126050420168067,1.1617351954968478
1.5166066426570628,0.9237733798722494
1.520608243297319,1.1737471976220135
1.524609843937575,0.9658277726536137
1.5286114445778312,1.034223114734217
1.5326130452180873,1.0778023687990559
1.5366146458583434,1.0886824215608544
1.5406162464985995,1.022542593673944
1.5446178471388556,0.9684772417967702
1.5486194477791118,1.0766653203250052
1.5526210484193679,1.0382743245545578
1.556622649059624,0.9539033079568597
1.5606242496998801,1.1396156727349736
1.564625850340136,1.0452639667887524
1.5686274509803921,0.9250222141536195
1.5726290516206483,0.9133421776376095
1.5766306522609044,1.195466200660733
1.5806322529011605,0.9495294223318522
1.5846338535414166,1.0729019955485204
1.5886354541816727,1.033710094290528
1.5926370548219289,1.0659381635031966
1.596638655462185,1.182845142502765
1.600640256102441,1.0886189995498523
1.6046418567426972,1.0692922133495166
1.6086434573829533,0.9624610274715866
1.6126450580232095,0.9117309809481997
1.6166466586634654,1.2157832954300183
1.6206482593037215,0.9649116996100385
1.6246498599439776,0.9532970693083148
1.6286514605842337,0.9873300337157259
1.6326530612244898,0.9716973586439432
1.636654661864746,1.105549255285275
1.640656262505002,0.9935733046626604
1.6446578631452582,0.8015850431174392
1.6486594637855143,0.8592052064766718
1.6526610644257704,0.9184611382058152
1.6566626650660266,1.0118082546910085
1.6606642657062827,0.7486911309281782
1.6646658663465388,0.9412517868042058
1.6686674669867947,0.9557671774993389
1.6726690676270508,0.9612915985249644
1.676670668267307,0.8551156987294484
1.680672268907563,0.9577725625931138
1.6846738695478192,0.7607299823207415
1.6886754701880753,0.9258259597655267
1.6926770708283314,0.8138248687455851
1.6966786714685875,0.8126625084915056
1.7006802721088436,0.7996120606870141
1.7046818727490998,0.8491890707693259
1.708683473389356,0.6611244432558725
1.712685074029612,0.847253401732109
1.716686674669868,0.8326261175866071
1.720688275310124,0.7019086978556813
1.7246898759503801,0.7185278550808107
1.7286914765906363,0.6182730504580753
1.7326930772308924,0.5738347276690863
1.7366946778711485,0.6949922067223346
1.7406962785114046,0.6807461376159697
1.7446978791516607,0.6114964227297023
1.7486994797919169,0.5048103335405261
1.752701080432173,0.6598274063453586
1.756702681072429,0.5620788433619996
1.7607042817126852,0.5071232372881606
1.7647058823529413,0.6932657035705427
1.7687074829931972,0.4515457101604221
1.7727090836334534,0.5884218331444648
1.7767106842737095,0.36523206909546657
1.7807122849139656,0.35431392299148345
1.7847138855542217,0.5287536165274511
1.7887154861944778,0.42923003242071356
1.792717086834734,0.32813157827224426
1.79671868747499,0.5220044073187936
1.8007202881152462,0.4459659298926083
1.8047218887555023,0.17770553215596593
1.8087234893957584,0.467938102078596
1.8127250900360146,0.24696417372645513
1.8167266906762707,0.1637765096743046
1.8207282913165266,0.23358907296682518
1.8247298919567827,0.29241789165216825
1.8287314925970388,0.28516996810547934
1.832733093237295,0.09466897254343304
1.836734693877551,0.09746515147077409
1.8407362945178072,0.14320897369565247
1.8447378951580633,0.1300342442175843
1.8487394957983194,0.2562723772932784
1.8527410964385755,0.11904473635326329
1.8567426970788317,0.21486009532201583
1.8607442977190878,0.23034349858265674
1.864745898359344,0.15644364286361356
1.8687474989996,-0.22645921077983794
1.872749099639856,0.0305928895045009
1.876750700280112,0.024382374642599913
1.8807523009203682,0.015572531481694789
1.8847539015606243,-0.20720945497750606
1.8887555022008804,-0.09540696059653807
1.8927571028411365,-0.17522208299587466
1.8967587034813926,-0.1516375658839972
1.9007603041216488,-0.10481023401386083
1.9047619047619049,-0.17302503156934523
1.908763505402161,-0.2040598816261766
1.9127651060424171,-0.15839688370438915
1.9167667066826732,-0.20760655034525263
1.9207683073229291,-0.15813920920208138
1.9247699079631853,-0.23974495006752544
1.9287715086034414,-0.37409219863754395
1.9327731092436975,-0.33992449658535007
1.9367747098839536,-0.2890115000784423
1.9407763105242097,-0.3202915864981008
1.9447779111644659,-0.4360195914677679
1.948779511804722,-0.2460726882795777
1.952781112444978,-0.3014421620557169
1.9567827130852342,-0.41154437003804145
1.9607843137254903,-0.38649410870679085
1.9647859143657465,-0.49582413639414336
1.9687875150060026,-0.3216861755257176
1.9727891156462585,-0.21829318246673463
1.9767907162865146,-0.5076679627483873
1.9807923169267707,-0.3386616653670404
1.9847939175670268,-0.5647951884217435
1.988795518207283,-0.5493815483035768
1.992797118847539,-0.37008718748865965
1.9967987194877952,-0.5425053824373266
2.000800320128051,-0.47867600677596295
2.0048019207683074,-0.5909542453252239
2.0088035214085633,-0.7606897201220717
2.0128051220488197,-0.36285063493119585
2.0168067226890756,-0.6342059681981125
2.020808323329332,-0.6126085380500323
2.024809923969588,-0.716913222532261
2.028811524609844,-0.5808297845291529
2.0328131252501,-0.6031030730777596
2.0368147258903564,-0.844136216830447
2.0408163265306123,-0.6856742609245978
2.0448179271708686,-0.6291662601597876
2.0488195278111245,-0.6106378439935956
2.0528211284513804,-0.6795493063728065
2.0568227290916368,-0.6839752246773096
2.0608243297318927,-0.8243299135463664
2.064825930372149,-0.9058276199518999
2.068827531012405,-0.8263009283517333
2.0728291316526612,-0.9323615532116097
2.076830732292917,-0.892736469156377
2.0808323329331735,-0.9055516515071541
2.0848339335734294,-0.9352126193178742
2.0888355342136857,-0.7985650718088845
2.0928371348539416,-0.9633769749108191
2.096838735494198,-0.6885116498777559
2.100840336134454,-0.7827710392817082
2.1048419367747098,-0.7720000745218103
2.108843537414966,-0.9687718251148485
2.112845138055222,-0.8883730759573599
2.1168467386954783,-1.0208750949079544
2.1208483393357342,-0.9026660237533325
2.1248499399759906,-1.1086196229597887
2.1288515406162465,-0.8326907567023843
2.132853141256503,-1.0101070293975543
2.1368547418967587,-0.9216515280574262
2.140856342537015,-0.9090260453568368
2.144857943177271,-1.0188238701761863
2.1488595438175273,-1.0484218971047679
2.152861144457783,-0.9853971807525508
2.156862745098039,-0.8974707927156309
2.1608643457382954,-0.9964654508217357
2.1648659463785513,-0.9250776682202271
2.1688675470188077,-0.90917638002858
2.1728691476590636,-1.0106471717011942
2.17687074829932,-1.005089018292348
2.180872348939576,-0.9819622814164095
2.184873949579832,-0.8832255651003137
2.188875550220088,-1.0330179029853248
2.1928771508603444,-0.8857386245370221
2.1968787515006003,-0.9744247533320604
2.2008803521408566,-1.0736221314627405
2.2048819527811125,-1.0037836715810973
2.2088835534213684,-1.1108707979002357
2.212885154061625,-1.1322314000334217
2.2168867547018807,-0.9353696681291591
2.220888355342137,-0.9143028935023783
2.224889955982393,-0.9950094159835366
2.2288915566226493,-0.9841691732106773
2.232893157262905,-1.043448066916112
2.2368947579031615,-0.965223536756615
2.2408963585434174,-0.7801101952969354
2.2448979591836737,-0.8729433900760479
2.2488995598239296,-0.9767839206541231
2.252901160464186,-0.9803742802421596
2.256902761104442,-0.9961856843015215
2.2609043617446978,-1.0937608457150623
2.264905962384954,-0.9946715672063597
2.26890756302521,-0.872304433087636
2.2729091636654664,-1.0259005891512505
2.2769107643057223,-0.953302279695798
2.2809123649459786,-1.029342044037443
2.2849139655862345,-0.8308395579466863
2.288915566226491,-1.0282032422604848
2.2929171668667467,-0.8327477187592895
2.296918767507003,-0.7799297986092868
2.300920368147259,-0.9055564059199753
2.3049219687875153,-0.9319865691235041
2.308923569427771,-0.8055122559096151
2.312925170068027,-0.6821698889863583
2.3169267707082835,-0.6972957763043287
2.3209283713485394,-0.8275578648596636
2.3249299719887957,-0.896890041612771
2.3289315726290516,-0.8198473186849845
2.332933173269308,-0.9533763452145525
2.336934773909564,-0.8273893643002427
2.34093637454982,-0.713888685476925
2.344937975190076,-0.7825346064901
2.3489395758303324,-0.7923308957415955
2.3529411764705883,-0.7240637867425901
2.356942777110844,-0.7313916261022145
2.3609443777511006,-0.6145662498694334
2.3649459783913565,-0.8081742454655376
2.368947579031613,-0.607964523729711
2.3729491796718687,-0.6500733243378585
2.376950780312125,-0.5866214974139886
2.380952380952381,-0.7532971241451131
2.3849539815926373,-0.5101739632925212
2.388955582232893,-0.528026635433242
2.3929571828731495,-0.3986289221413589
2.3969587835134054,-0.6326157933946541
2.4009603841536618,-0.5910122377628219
2.4049619847939177,-0.6938922473712835
2.4089635854341735,-0.5805868245927845
2.41296518607443,-0.33735013857148866
2.416966786714686,-0.433635371466939
2.420968387354942,-0.5179530545473969
2.424969987995198,-0.4140056686557574
2.4289715886354544,-0.415296231313221
2.4329731892757103,-0.5817169023137625
2.4369747899159666,-0.5451256447819631
2.4409763905562225,-0.2429896135371735
2.444977991196479,-0.2612215472428203
2.4489795918367347,-0.4644171081053333
2.452981192476991,-0.30960580266397864
2.456982793117247,-0.34932575837694113
2.460984393757503,-0.14959646167374385
2.4649859943977592,-0.1943448121067452
2.468987595038015,-0.33008800297587926
2.4729891956782715,-0.18804128337963763
2.4769907963185274,-0.1845342117458313
2.4809923969587837,-0.16454587906024187
2.4849939975990396,-0.1919418384505701
2.488995598239296,-0.11861216364347517
2.492997198879552,-0.1862880039707423
2.496998799519808,-0.2000676224575326
2.501000400160064,-0.18598484910298066
2.5050020008003204,-0.1462592833539092
2.5090036014405763,0.020877328319723932
2.5130052020808322,0.04360258020966293
2.5170068027210886,0.1647148451324777
2.5210084033613445,0.01581485873482543
2.525010004001601,0.1287866560480676
2.5290116046418567,0.08331249372307943
2.533013205282113,0.1284950848924464
2.537014805922369,0.19926158949512512
2.5410164065626253,0.19647173314413668
2.545018007202881,0.1688978534206437
2.5490196078431375,0.1164198218316632
2.5530212084833934,0.22500964848741895
2.5570228091236498,0.3534332858353352
2.5610244097639057,0.2540229020671581
2.5650260104041616,0.21634739605750464
2.569027611044418,0.3573109115679181
2.573029211684674,0.1558377833450554
2.57703081232493,0.2774161828378806
2.581032412965186,0.23426999114776548
2.5850340136054424,0.3390017791245172
2.5890356142456983,0.4944607334174449
2.5930372148859546,0.45241499956144327
2.5970388155262105,0.21989017698181137
2.601040416166467,0.363010522385818
2.6050420168067228,0.29300143906550524
2.609043617446979,0.5665855011751496
2.613045218087235,0.4201740940949489
2.617046818727491,0.503482804748271
2.6210484193677472,0.5255719675529016
2.625050020008003,0.550822020154452
2.6290516206482595,0.2578190700022894
2.6330532212885154,0.5998432831095178
2.6370548219287717,0.5252960834639506
2.6410564225690276,0.680902124200819
2.645058023209284,0.6325390358741739
2.64905962384954,0.6911285542809189
2.653061224489796,0.5705866640613296
2.657062825130052,0.5456981685982909
2.6610644257703084,0.7625482022900756
2.6650660264105643,0.744507343778528
2.6690676270508202,0.7247664819062692
2.6730692276910766,0.7387196453519157
2.6770708283313325,0.7725147535014066
2.681072428971589,0.6147437163300896
2.6850740296118447,0.8647462358297311
2.689075630252101,0.7547005765404103
2.693077230892357,0.7701608120666097
2.6970788315326133,0.753198116231643
2.701080432172869,0.5600311566980524
2.7050820328131255,0.8761600596742126
2.7090836334533814,0.730127624909578
2.7130852340936378,0.8517661494659712
2.7170868347338937,0.7695963752367828
2.7210884353741496,0.8275812841638638
2.725090036014406,0.831989832699805
2.729091636654662,0.7971932022254095
2.733093237294918,0.8682071672613473
2.737094837935174,0.8516185236498689
2.7410964385754304,0.8042156537600067
2.7450980392156863,1.033738242057152
2.7490996398559426,0.8441292956118251
2.7531012404961985,0.9879329120701515
2.757102841136455,1.0056285715955313
2.7611044417767108,1.0379013245544206
2.765106042416967,0.897284542590835
2.769107643057223,0.9379029113995462
2.773109243697479,0.9465531694300509
2.7771108443377353,1.0212336170997243
2.781112444977991,0.9490619694592572
2.7851140456182475,1.0235448035271615
2.7891156462585034,0.9561237562432745
2.7931172468987597,1.0970357244818132
2.7971188475390156,0.9873605181518766
2.801120448179272,0.978148343711818
2.805122048819528,1.027734778975715
2.809123649459784,1.1593623740606327
2.81312525010004,0.936923528294685
2.817126850740296,1.1026149844079107
2.8211284513805523,0.9177445171258414
2.8251300520208082,1.0043165985303135
2.8291316526610646,0.9204863820238233
2.8331332533013205,0.9624627202481677
2.837134853941577,0.9309691440237433
2.8411364545818327,1.0674754977993008
2.845138055222089,0.9463599536635926
2.849139655862345,1.0471369545454412
2.8531412565026013,0.9390672898553357
2.857142857142857,0.9884332812983572
2.8611444577831135,1.1315879958635393
2.8651460584233694,0.9077254186328436
2.8691476590636253,0.9056749050568216
2.8731492597038817,0.9493684392635569
2.8771508603441376,0.9675028025628882
2.881152460984394,1.0262250241236086
2.88515406162465,0.9629408004475674
2.889155662264906,0.9772759741012419
2.893157262905162,0.8310560742440858
2.8971588635454184,0.9699993501881798
2.9011604641856743,0.9656500333388419
2.9051620648259306,0.9925840001921981
2.9091636654661865,0.884822366501951
2.913165266106443,0.9088503795436816
2.917166866746699,0.9716616171930839
2.9211684673869547,0.7863032038636328
2.925170068027211,0.7034537300475971
2.929171668667467,0.7624876926163783
2.9331732693077233,0.7995318515526735
2.937174869947979,0.9604400393497485
2.9411764705882355,1.045518691418133
2.9451780712284914,0.7407059493020991
2.9491796718687477,0.8119548482567231
2.9531812725090036,0.7560837486263243
2.95718287314926,0.8449607253677025
2.961184473789516,0.8125834874254835
2.9651860744297722,0.68437414844605
2.969187675070028,0.6970477362452825
2.973189275710284,0.7316857480603528
2.9771908763505404,0.8555401564368872
2.9811924769907963,0.6533696143606835
2.9851940776310526,0.5495588648367153
2.9891956782713085,0.8206610601238027
2.993197278911565,0.7254757701668266
2.9971988795518207,0.5445749298561631
3.001200480192077,0.6763504855022658
3.005202080832333,0.7114770539473798
3.0092036814725893,0.6240266682410982
3.013205282112845,0.7350055513611177
3.0172068827531016,0.6381367462861579
3.0212084833933575,0.5967763260824906
3.0252100840336134,0.5700113661099654
3.0292116846738697,0.5463885589829169
3.0332132853141256,0.6035688039605476
3.037214885954382,0.48356021103825786
3.041216486594638,0.5760286044032561
3.045218087234894,0.49463331955491063
3.04921968787515,0.45617455803776785
3.0532212885154064,0.39681490490316923
3.0572228891556623,0.3795791144412012
3.0612244897959187,0.4230151399131786
3.0652260904361746,0.4739322593699819
3.069227691076431,0.4044214017438629
3.073229291716687,0.2637521456793577
3.0772308923569427,0.15639029136508734
3.081232492997199,0.3712159177396796
3.085234093637455,0.5463750110267662
3.0892356942777113,0.23121883078001126
3.093237294917967,0.1930667833890099
3.0972388955582235,0.3020080594444201
3.1012404961984794,0.11430640066761692
3.1052420968387358,0.33037359825622287
3.1092436974789917,0.20227147760717112
3.113245298119248,0.13860149784149753
3.117246898759504,0.04401684649963186
3.1212484993997602,0.1897523419911114
3.125250100040016,0.03720213541696117
3.129251700680272,0.1325870838014168
3.1332533013205284,0.08159361441996238
3.1372549019607843,0.15082946970411454
3.1412565026010406,0.017578522256367236
3.1452581032412965,0.29330858101093643
3.149259703881553,0.017171290287945215
3.1532613045218087,-0.043683159812221685
3.157262905162065,-0.11717562412435134
3.161264505802321,-0.01053368739883706
3.1652661064425773,-0.1547518637796553
3.1692677070828332,-0.21535445613758636
3.1732693077230896,-0.2045903909530863
3.1772709083633455,-0.1966620009363716
3.1812725090036014,0.02787814038467365
3.1852741096438577,-0.1874277115964202
3.1892757102841136,-0.30226357284317906
3.19327731092437,-0.14667714969845563
3.197278911564626,-0.2559967633064863
3.201280512204882,-0.16455250393666535
3.205282112845138,-0.1219165205170043
3.2092837134853944,-0.48120649748413213
3.2132853141256503,-0.5883451550078174
3.2172869147659067,-0.17035349840733513
3.2212885154061626,-0.45674948602054277
3.225290116046419,-0.5762297605379388
3.229291716686675,-0.4770639113950436
3.2332933173269307,-0.5393675912205302
3.237294917967187,-0.5377099464290125
3.241296518607443,-0.3925512546951986
3.2452981192476993,-0.5315412903320764
3.249299719887955,-0.6746664663060675
3.2533013205282115,-0.5266974575465122
3.2573029211684674,-0.6319267797701095
3.2613045218087238,-0.5883876307950822
3.2653061224489797,-0.5990790126898923
3.269307723089236,-0.511503899561262
3.273309323729492,-0.6625358868379783
3.2773109243697482,-0.5579187367464271
3.281312525010004,-0.8026573571330833
3.28531412565026,-0.5684605715124476
3.2893157262905164,-0.543371722485377
3.2933173269307723,-0.7109464717390581
3.2973189275710286,-0.7841648064936027
3.3013205282112845,-0.8241675580309832
3.305322128851541,-0.7327710762974282
3.3093237294917968,-0.6221377709784708
3.313325330132053,-0.7995476432265284
3.317326930772309,-0.6587474462639884
3.3213285314125653,-0.8976436954196514
3.3253301320528212,-0.8299600223298956
3.3293317326930776,-0.8111475767376806
3.3333333333333335,-0.7968077657331503
3.3373349339735894,-0.8630549196625438
3.3413365346138457,-0.7161140560281486
3.3453381352541016,-0.7252069213108221
3.349339735894358,-0.8792454218780571
3.353341336534614,-0.9237901552057144
3.35734293717487,-0.9414101358756412
3.361344537815126,-0.7872047904105622
3.3653461384553824,-0.966064308303921
3.3693477390956383,-1.0542604466205765
3.3733493397358947,-1.0475324346194776
3.3773509403761506,-0.8574473897578325
3.3813525410164065,-1.0681393058450521
3.385354141656663,-0.9785809894815188
3.3893557422969187,-0.9351827333565146
3.393357342937175,-1.1199403822807663
3.397358943577431,-0.9394529042774327
3.4013605442176873,-0.9957039581274132
3.405362144857943,-1.1591589649437049
3.4093637454981995,-0.9536995222735776
3.4133653461384554,-0.9380460628633714
3.417366946778712,-0.9631712161190837
3.4213685474189677,-0.9348275087928125
3.425370148059224,-0.9626722594638473
3.42937174869948,-0.9182984758626175
3.433373349339736,-1.0883327444327797
3.437374949979992,-1.1354642377522826
3.441376550620248,-1.1135501327271915
3.4453781512605044,-1.0798709500487962
3.4493797519007603,-0.7972968711635202
3.4533813525410166,-1.0802609938409669
3.4573829531812725,-1.052143839335035
3.461384553821529,-1.0230344771067903
3.4653861544617848,-1.0345147922884954
3.469387755102041,-0.8161556942296454
3.473389355742297,-1.1686745179353877
3.4773909563825534,-0.7756154349758784
3.4813925570228093,-0.9773237995052816
3.485394157663065,-0.8928882466661163
3.4893957583033215,-0.983847578956478
3.4933973589435774,-0.9008105907148216
3.4973989595838337,-1.0728332399149696
3.5014005602240896,-1.1095626788058155
3.505402160864346,-0.7100314957983198
3.509403761504602,-0.7728866026606849
3.513405362144858,-1.0641157655911193
3.517406962785114,-0.8812035971025889
3.5214085634253705,-0.8308095674786823
3.5254101640656264,-0.873938452135471
3.5294117647058827,-0.9537737785709987
3.5334133653461386,-0.7231013732635339
3.5374149659863945,-0.8490248214964312
3.541416566626651,-1.0024538310896396
3.5454181672669067,-0.9398603307606006
3.549419767907163,-0.9993168870486007
3.553421368547419,-0.8938491661968195
3.5574229691876753,-0.8875207972008052
3.561424569827931,-0.7880970823301947
3.5654261704681876,-0.7793098978670419
3.5694277711084434,-0.8039405432226857
3.5734293717487,-0.7956969644316663
3.5774309723889557,-0.7162395857470395
3.581432573029212,-0.8315509571049983
3.585434173669468,-1.0363504454221804
3.589435774309724,-0.5737054979189773
3.59343737494998,-0.8633201426784096
3.597438975590236,-0.6898342183448583
3.6014405762304924,-0.7802737491029429
3.6054421768707483,-0.5929405554991733
3.6094437775110046,-0.8151515191754193
3.6134453781512605,-0.7760117996492707
3.617446978791517,-0.7403786347387796
3.621448579431773,-0.6205646123926206
3.625450180072029,-0.6388121417544562
3.629451780712285,-0.5894520190998294
3.6334533813525414,-0.6178955462252623
3.6374549819927973,-0.5217143474031194
3.641456582633053,-0.5041371269055585
3.6454581832733095,-0.4314290776724309
3.6494597839135654,-0.5321241597749375
3.6534613845538217,-0.5160016535931967
3.6574629851940776,-0.35638269479301565
3.661464585834334,-0.3963097040542475
3.66546618647459,-0.44693635101445495
3.6694677871148462,-0.6208172826659955
3.673469387755102,-0.6321055436379159
3.6774709883953585,-0.38464859033385196
3.6814725890356144,-0.36253005626335966
3.6854741896758707,-0.4820332049191385
3.6894757903161266,-0.356032817406453
3.6934773909563825,-0.4642483953819195
3.697478991596639,-0.297077909737954
3.7014805922368947,-0.27569394978685335
3.705482192877151,-0.2574276392815224
3.709483793517407,-0.2640074750266037
3.7134853941576633,-0.3078132874464093
3.717486994797919,-0.28029899354046084
3.7214885954381756,-0.12384461918214824
3.7254901960784315,-0.17879185922500918
3.729491796718688,-0.15191513132905904
3.7334933973589437,-0.17243538485220689
3.7374949979992,-0.09622722897833356
3.741496598639456,-0.045702391309476426
3.745498199279712,-0.1845587319348442
3.749499799919968,-0.04260512145580097
3.753501400560224,-0.1045652768180344
3.7575030012004804,-0.0306157900270648
3.7615046018407363,0.04150311832581794
3.7655062024809927,-0.16719325784055467
3.7695078031212486,-0.11039888824620878
3.773509403761505,-0.04794917827581747
3.777511004401761,-0.03504449152576277
3.781512605042017,0.041739688437092734
3.785514205682273,0.24717408083440173
3.7895158063225294,0.21571089767568136
3.7935174069627853,0.05969826869068276
3.797519007603041,0.224489485389659
3.8015206082432975,0.15306769993636454
3.8055222088835534,0.2114907094468699
3.8095238095238098,0.09868476110873617
3.8135254101640657,0.08427848316332695
3.817527010804322,0.309071230861694
3.821528611444578,0.2585160909079743
3.8255302120848342,0.32678418646663593
3.82953181272509,0.4530822979221443
3.8335334133653465,0.28889302919225757
3.8375350140056024,0.30874978217691273
3.8415366146458583,0.5273869476621543
3.8455382152861146,0.3708869377872669
3.8495398159263705,0.30737668243291827
3.853541416566627,0.47963981887192186
3.8575430172068828,0.40050563090986685
3.861544617847139,0.36004122647667747
3.865546218487395,0.4691284534246282
3.8695478191276513,0.5604989356066785
3.8735494197679072,0.37939138420980445
3.8775510204081636,0.3943470023354074
3.8815526210484195,0.5216604663095613
3.885554221688676,0.43652686741467844
3.8895558223289317,0.43556785018008337
3.8935574229691876,0.5802062653920627
3.897559023609444,0.7063892306600277
3.9015606242497,0.6905329479839369
3.905562224889956,0.6167412581641936
3.909563825530212,0.7711455419666013
3.9135654261704684,0.8315799301963154
3.9175670268107243,0.7221383156176631
3.9215686274509807,0.6510597836050653
3.9255702280912366,0.8583280283408882
3.929571828731493,0.8680277579234247
3.933573429371749,0.7553322851233599
3.937575030012005,0.8658047652191074
3.941576630652261,0.6786216610326584
3.945578231292517,0.5629530763208136
3.9495798319327733,0.6851770646805215
3.953581432573029,0.8152586558819233
3.9575830332132855,0.7991713519207118
3.9615846338535414,0.9144403437894575
3.9655862344937978,0.6810257028990429
3.9695878351340537,0.6939851959338272
3.97358943577431,0.927495405084113
3.977591036414566,0.718000130239761
3.9815926370548222,0.8445003827257738
3.985594237695078,0.8836660633999078
3.9895958383353345,0.8254421345446967
3.9935974389755904,0.9572019896674749
3.9975990396158463,0.7017939007952818
4.001600640256102,1.0993747502585172
4.0056022408963585,0.8910028849152113
4.009603841536615,0.9144539592190739
4.013605442176871,1.2079306445357572
4.017607042817127,0.8092989403997453
4.021608643457383,0.8471168465244812
4.025610244097639,1.098033083050592
4.029611844737896,0.8075103922264569
4.033613445378151,1.0178626134342545
4.0376150460184075,0.9125166374517049
4.041616646658664,0.8159413426372857
4.04561824729892,1.034259648766921
4.049619847939176,1.0408268356224806
4.053621448579432,0.9885716825558356
4.057623049219688,1.198178315616718
4.061624649859944,0.9165592007774911
4.0656262505002,1.0824080192472176
4.069627851140456,1.030127926066138
4.073629451780713,1.0957898055044246
4.077631052420968,0.9490730389007748
4.081632653061225,0.8614587759625216
4.085634253701481,0.9317682862754951
4.089635854341737,0.9932349970052313
4.093637454981993,1.0669456771545147
4.097639055622249,0.9994282205895356
4.101640656262505,1.0176512813495862
4.105642256902761,1.1667450697480772
4.109643857543017,0.9894139376405751
4.1136454581832735,0.9358490333286608
4.11764705882353,1.0299731760404034
4.121648659463785,0.8108187802606762
4.125650260104042,0.8066710003453333
4.129651860744298,0.9607361718237356
4.133653461384554,0.8761360789561391
4.13765506202481,0.9034989586612243
4.141656662665066,1.0523107851739986
4.1456582633053225,1.0055847467615004
4.149659863945578,0.93900808184697
4.153661464585834,0.9483685555633627
4.157663065226091,0.8906105190112679
4.161664665866347,1.01061261753463
4.165666266506602,0.9971786839772703
4.169667867146859,1.0088963170283554
4.173669467787115,0.9958100581151422
4.1776710684273715,0.8978756953824014
4.181672669067627,0.8134460944705709
4.185674269707883,0.8569793827293729
4.18967587034814,0.8754652097148855
4.193677470988396,0.7861472456383112
4.197679071628651,1.0059422786306178
4.201680672268908,0.9955095018117003
4.205682272909164,0.8087515564678248
4.2096838735494195,0.9122527444302937
4.213685474189676,0.8532493841842821
4.217687074829932,0.7353484905528586
4.221688675470189,0.8136607247451859
4.225690276110444,0.6821739444588071
4.2296918767507,0.6584350711461072
4.233693477390957,0.7806627055086488
4.237695078031213,0.7680967589450555
4.2416966786714685,0.9745803865299842
4.245698279311725,0.6752980389609271
4.249699879951981,0.6233454772225403
4.253701480592237,0.7536434400021526
4.257703081232493,0.6437237702648867
4.261704681872749,0.5660700788927968
4.265706282513006,0.5566009573996871
4.269707883153261,0.5813330270556089
4.2737094837935174,0.688595324934995
4.277711084433774,0.6099433926429896
4.28171268507403,0.4668452465857056
4.285714285714286,0.7168397545612782
4.289715886354542,0.42559988345444305
4.293717486994798,0.42536830723332925
4.297719087635055,0.5983672311328532
4.30172068827531,0.613791278940731
4.305722288915566,0.4815757560055678
4.309723889555823,0.29916510876915525
4.313725490196078,0.41975097717488613
4.3177270908363345,0.25502548831040506
4.321728691476591,0.6217202219311824
4.325730292116847,0.3833269685140476
4.329731892757103,0.41598209672395503
4.333733493397359,0.27989318846649985
4.337735094037615,0.4784486653677379
4.341736694677872,0.22847604685935602
4.345738295318127,0.1735720191844565
4.3497398959583835,0.2705693012140485
4.35374149659864,0.30861766467695867
4.357743097238895,0.41392280883960797
4.361744697879152,0.34284473576902785
4.365746298519408,0.28121243768424353
4.369747899159664,0.07340819326644801
4.37374949979992,0.051461631257735396
4.377751100440176,0.014429608240234537
4.3817527010804325,0.06722651612933676
4.385754301720689,-0.12899082783752852
4.389755902360944,0.17890217752888096
4.393757503001201,-0.08009947263048048
4.397759103641457,-0.11245679865751049
4.401760704281713,-0.058237206860372176
4.405762304921969,-0.17189234912402013
4.409763905562225,0.006790069654888792
4.413765506202481,-0.17420308976046361
4.417767106842737,-0.04738473887179856
4.421768707482993,-0.024935340653943525
4.42577030812325,-0.19220393135391922
4.429771908763506,-0.2288033042823363
4.433773509403761,-0.25700161999604876
4.437775110044018,-0.3046630777112525
4.441776710684274,-0.2580543841125651
4.44577831132453,-0.22877163481755297
4.449779911964786,-0.3932080782470681
4.453781512605042,-0.3384004851452842
4.4577831132452985,-0.2776085364347199
4.461784713885554,-0.3089861370074864
4.46578631452581,-0.5981151436327254
4.469787915166067,-0.2868427972252888
4.473789515806323,-0.24503062462664082
4.4777911164465785,-0.4446616708865635
4.481792717086835,-0.5792551390270522
4.485794317727091,-0.5004075949361743
4.4897959183673475,-0.521391695839534
4.493797519007603,-0.3398757868967495
4.497799119647859,-0.5868998172833151
4.501800720288116,-0.530821001189993
4.505802320928372,-0.3444782649342798
4.509803921568627,-0.513283161031287
4.513805522208884,-0.5266888553744407
4.51780712284914,-0.5730170095333406
4.5218087234893956,-0.4815520294924662
4.525810324129652,-0.5551070571885784
4.529811924769908,-0.42611095895819606
4.533813525410165,-0.4309071654961455
4.53781512605042,-0.611259143143657
4.541816726690676,-0.6615534223420226
4.545818327330933,-0.6564054220773886
4.549819927971189,-0.7440778728181793
4.5538215286114445,-0.6884525358817063
4.557823129251701,-0.8601475851147518
4.561824729891957,-0.8009702610749112
4.565826330532213,-0.6646466902063204
4.569827931172469,-0.7027249027000532
4.573829531812725,-0.7821914718739089
4.577831132452982,-0.7401972194606176
4.581832733093237,-0.643781893846586
4.5858343337334935,-0.8449519950625132
4.58983593437375,-0.9615809634452425
4.593837535014006,-0.7666829192466543
4.597839135654262,-0.7867887114937967
4.601840736294518,-0.7751189074325577
4.605842336934774,-0.9811440900714871
4.609843937575031,-1.0214350201257163
4.613845538215286,-0.8545568736919478
4.617847138855542,-0.87084343220599
4.621848739495799,-0.9349866412957812
4.625850340136054,-0.7631655638533797
4.629851940776311,-0.9170361956858074
4.633853541416567,-0.80078570295893
4.637855142056823,-0.8435369439807169
4.641856742697079,-1.0474471548524202
4.645858343337335,-1.0338724694350943
4.649859943977591,-1.0797444937734
4.653861544617848,-0.9143602999638946
4.657863145258103,-0.9532555048235049
4.6618647458983595,-0.8332512132049685
4.665866346538616,-0.913559058158053
4.669867947178871,-1.1072806894432177
4.673869547819128,-1.0277163735122816
4.677871148459384,-1.1961870723754644
4.68187274909964,-0.9590447769348038
4.685874349739896,-0.7121502086588969
4.689875950380152,-0.9805894030180169
4.6938775510204085,-0.9756011074107153
4.697879151660665,-0.9991012132032838
4.70188075230092,-0.9630348708688753
4.705882352941177,-1.0150942835509313
4.709883953581433,-0.9381360201587352
4.713885554221688,-1.0772137286983265
4.717887154861945,-1.0727196941118557
4.721888755502201,-1.1281201202430273
4.7258903561424574,-1.000974890845895
4.729891956782713,-1.1067553527766694
4.733893557422969,-0.8489713426965393
4.737895158063226,-1.0349730128021664
4.741896758703482,-1.1860374227722215
4.745898359343737,-1.099539377164265
4.749899959983994,-0.9689587431568688
4.75390156062425,-0.9133005542049003
4.757903161264506,-0.9388245655271082
4.761904761904762,-1.051742532655633
4.765906362545018,-1.0215346904661418
4.7699079631852745,-1.0277628720168384
4.77390956382553,-0.896398570237178
4.777911164465786,-0.9351842940051174
4.781912765106043,-0.9849268306346284
4.785914365746299,-0.9991288373848053
4.7899159663865545,-0.9780996471157587
4.793917567026811,-0.9172091890322198
4.797919167667067,-0.7758603353897205
4.8019207683073235,-0.8828032403536628
4.805922368947579,-0.9262830273709719
4.809923969587835,-0.9248780974008413
4.813925570228092,-0.7036838516029398
4.817927170868347,-0.7814994319122966
4.821928771508603,-0.7558538794169355
4.82593037214886,-0.7683971233552881
4.829931972789116,-0.8372038761534799
4.833933573429372,-0.7011717371621434
4.837935174069628,-0.956143544407513
4.841936774709884,-0.6423559761948615
4.845938375350141,-0.7110048800333101
4.849939975990396,-0.7240831095509007
4.853941576630652,-0.8355167740574165
4.857943177270909,-0.6535630988286991
4.861944777911165,-0.6186962715803898
4.8659463785514205,-0.7898903555564494
4.869947979191677,-0.772807702954636
4.873949579831933,-0.7944489142476957
4.877951180472189,-0.6216905243903094
4.881952781112445,-0.6714358305120376
4.885954381752701,-0.4342375640139066
4.889955982392958,-0.784501919701462
4.893957583033213,-0.7025091832811796
4.8979591836734695,-0.5983527101162978
4.901960784313726,-0.5169221253481712
4.905962384953982,-0.5050831873304147
4.909963985594238,-0.5420154944388785
4.913965586234494,-0.49841301028974494
4.91796718687475,-0.5047823498812247
4.921968787515006,-0.3944558139695795
4.925970388155262,-0.5375846190877276
4.9299719887955185,-0.5086320300872765
4.933973589435775,-0.3775775837856966
4.93797519007603,-0.27129609078151207
4.941976790716287,-0.47379257779550943
4.945978391356543,-0.3679228557674494
4.949979991996799,-0.411400253930724
4.953981592637055,-0.29944788111024984
4.957983193277311,-0.5002767741976106
4.961984793917567,-0.3518119182276151
4.965986394557824,-0.35562371875998566
4.969987995198079,-0.313282117313812
4.9739895958383356,-0.5136671034939795
4.977991196478592,-0.03796235369777126
4.981992797118847,-0.4703586342746692
4.985994397759104,-0.15376193805416313
4.98999599839936,-0.31113739054779277
4.993997599039616,-0.28650698022756993
4.997999199679872,-0.12845867187774784
5.002000800320128,-0.05330459726323154
5.0060024009603845,-0.2100962018042154
5.010004001600641,-0.19343236791746754
5.014005602240896,-0.19216210668097145
5.018007202881153,-0.021221530519457663
5.022008803521409,-0.12741476155448844
5.0260104041616644,0.12618201481163346
5.030012004801921,-0.09806041796618026
5.034013605442177,0.09149821398625885
5.0380152060824335,0.21177086228190622
5.042016806722689,0.0841478048052084
5.046018407362945,-0.08183921826174727
5.050020008003202,0.15709646597040705
5.054021608643458,0.1123034035205483
5.058023209283713,0.15256176720377876
5.06202480992397,0.3350585537528207
5.066026410564226,0.2012689504491647
5.070028011204482,0.26703365101292514
5.074029611844738,0.16897789046638156
5.078031212484994,0.22651984070861225
5.082032813125251,0.38619693770010344
5.086034413765506,0.306697565073683
5.090036014405762,0.34068034019832033
5.094037615046019,0.43119020743393427
5.098039215686275,0.5129107768163812
5.1020408163265305,0.25298048029463804
5.106042416966787,0.3379315979269598
5.110044017607043,0.5512646734349244
5.1140456182472995,0.6229138979255502
5.118047218887555,0.4155064213174475
5.122048819527811,0.48669617572005175
5.126050420168068,0.5123581761944654
5.130052020808323,0.5181539576902279
5.1340536214485795,0.5367720520211027
5.138055222088836,0.6655817407802527
5.142056822729092,0.36589269394102053
5.146058423369348,0.4970943137981788
5.150060024009604,0.6429205935043072
5.15406162464986,0.5456190359656472
5.158063225290117,0.6398462476362042
5.162064825930372,0.7355689092298011
5.166066426570628,0.8023861513771202
5.170068027210885,0.6853222759896429
5.17406962785114,0.8214690975691492
5.178071228491397,0.7013770206484862
5.182072829131653,0.6712341326440746
5.186074429771909,0.5613918400360571
5.190076030412165,0.6292040675939665
5.194077631052421,0.743542066926798
5.198079231692677,0.7588754236952207
5.202080832332934,0.7921919007576156
5.206082432973189,0.9655263890304802
5.2100840336134455,0.869306116033329
5.214085634253702,0.8866383367933475
5.218087234893958,1.000665223412601
5.222088835534214,0.7935710192750906
5.22609043617447,0.7893410230433844
5.230092036814726,0.9731575946165006
5.234093637454982,0.9098346554040814
5.238095238095238,0.8668113103510094
5.2420968387354945,0.8748358216549695
5.246098439375751,0.8729879877243807
5.250100040016006,0.8890221417670211
5.254101640656263,0.907419425069673
5.258103241296519,0.8861668077672948
5.262104841936775,0.9793003757999421
5.266106442577031,1.0058905238416538
5.270108043217287,0.8818722018746309
5.274109643857543,1.0353315123048965
5.278111244497799,0.8242826724069071
5.282112845138055,1.0077651420627232
5.286114445778312,1.0183508872721732
5.290116046418568,0.9598034773510568
5.294117647058823,0.9787287340186996
5.29811924769908,0.95406644646918
5.302120848339336,0.9306808615902676
5.306122448979592,0.9851362298264461
5.310124049619848,0.9337009827715614
5.314125650260104,1.1051339290146365
5.3181272509003605,0.783379194689545
5.322128851540617,0.9822309125332122
5.326130452180872,0.8072688600094018
5.330132052821129,0.8922173586329126
5.334133653461385,0.9417789521598802
5.3381352541016405,1.1338760331256221
5.342136854741897,1.1153425722542076
5.346138455382153,1.0069005753752605
5.3501400560224095,1.005274311727033
5.354141656662665,1.1014937163614766
5.358143257302921,1.1093377971230034
5.362144857943178,0.9367812701511576
5.366146458583434,1.059197833594626
5.370148059223689,0.8935403672910981
5.374149659863946,0.9471062327752015
5.378151260504202,1.041946073875731
5.382152861144458,0.9128352926653611
5.386154461784714,0.93879404561456
5.39015606242497,0.8037172655698137
5.394157663065227,1.0095826607464449
5.398159263705482,0.8707681159707334
5.402160864345738,0.871050612136526
5.406162464985995,1.0824455390136174
5.410164065626251,0.8715673307756302
5.4141656662665065,1.0085522754705176
5.418167266906763,1.0358554917292562
5.422168867547019,1.0099208867782252
5.4261704681872756,0.8851660657373823
5.430172068827531,0.8588887954053058
5.434173669467787,0.801442319023657
5.438175270108044,0.7074314249636728
5.442176870748299,0.9512594771722449
5.4461784713885555,0.9318606863187633
5.450180072028812,0.9015974861010545
5.454181672669068,0.5595039117184563
5.458183273309324,0.8146747798548899
5.46218487394958,0.8840958742729341
5.466186474589836,0.9382149062889127
5.470188075230093,0.8275443503518043
5.474189675870348,0.8048161305054713
5.4781912765106044,0.7050022021049985
5.482192877150861,0.7978922016364877
5.486194477791116,0.7231992716144237
5.490196078431373,0.6604930012836323
5.494197679071629,0.6039403656923492
5.498199279711885,0.6110765678125825
5.502200880352141,0.7238230121912305
5.506202480992397,0.5379492479780029
5.510204081632653,0.6324613594408209
5.51420568227291,0.7775232597936335
5.518207282913165,0.4879417820515505
5.5222088835534215,0.6606379571919878
5.526210484193678,0.6545422156604491
5.530212084833934,0.5545670611267951
5.53421368547419,0.6295480730730258
5.538215286114446,0.5319420096640294
5.542216886754702,0.6134641815860499
5.546218487394958,0.4101051576235475
5.550220088035214,0.6885885478552628
5.5542216886754705,0.6259786874640547
5.558223289315727,0.2416589681485491
5.562224889955982,0.5640641276255253
5.566226490596239,0.3711317705717089
5.570228091236495,0.5539252330001105
5.574229691876751,0.49323728073206885
5.578231292517007,0.265152622801215
5.582232893157263,0.4127472368773788
5.5862344937975195,0.26638155925743157
5.590236094437775,0.37136215659770055
5.594237695078031,0.3031272428437072
5.598239295718288,0.20642049132052032
5.602240896358544,0.12640538139126975
5.606242496998799,0.2637406635822883
5.610244097639056,0.2676741545153555
5.614245698279312,0.18592720219749825
5.618247298919568,0.10466355823373323
5.622248899559824,0.11404595709103285
5.62625050020008,0.03297077047752539
5.630252100840337,0.1963732007609328
5.634253701480592,-0.11305010486977
5.638255302120848,0.1781343935508432
5.642256902761105,0.0554138405389242
5.646258503401361,0.09519221825959154
5.6502601040416165,0.08500693789030254
5.654261704681873,0.014754541080120748
5.658263305322129,-0.05598474665206973
5.6622649059623855,0.07363108723225842
5.666266506602641,-0.22849971929496374
5.670268107242897,0.05324870875564143
5.674269707883154,-0.20919508631704808
5.67827130852341,-0.14931654111916115
5.6822729091636655,0.006529041988046325
5.686274509803922,0.06655246099122974
5.690276110444178,-0.15792607252114804
5.694277711084434,-0.33124240021998885
5.69827931172469,-0.1299697168804771
5.702280912364946,-0.23875917804263766
5.706282513005203,-0.3604599938166804
5.710284113645458,-0.2516376020452548
5.714285714285714,-0.423717364052158
5.718287314925971,-0.2923103090467779
5.722288915566227,-0.422786149749744
5.7262905162064826,-0.5463749178987702
5.730292116846739,-0.5344230064094015
5.734293717486995,-0.4475373874616493
5.738295318127251,-0.354963037000485
5.742296918767507,-0.29795290752711334
5.746298519407763,-0.2986437417402167
5.75030012004802,-0.6104639499434976
5.754301720688275,-0.49939737677943435
5.7583033213285315,-0.5554568140541489
5.762304921968788,-0.5223565210405661
5.766306522609044,-0.3877645445520289
5.7703081232493,-0.5295701401477536
5.774309723889556,-0.47556481351941127
5.778311324529812,-0.35762557553005925
5.782312925170069,-0.7514577645620877
5.786314525810324,-0.6584272743856258
5.7903161264505805,-0.5695271756691682
5.794317727090837,-0.6154604373342744
5.798319327731092,-0.5524584260405603
5.802320928371349,-0.7106502665531879
5.806322529011605,-0.666347015650008
5.810324129651861,-0.7769701268480009
5.814325730292117,-0.6090823694061741
5.818327330932373,-0.7250937930895256
5.822328931572629,-0.602468446154254
5.826330532212886,-0.6149834055133494
5.830332132853141,-0.8971947073188278
5.834333733493398,-0.6251716418443138
5.838335334133654,-0.7008803687463323
5.842336934773909,-0.8216484976518158
5.846338535414166,-0.7335511780738301
5.850340136054422,-0.8798164474886154
5.854341736694678,-0.7039451261192669
5.858343337334934,-0.840816884698792
5.86234493797519,-0.7722850425844172
5.8663465386154465,-0.934166312576591
5.870348139255703,-0.8525618003143566
5.874349739895958,-0.80143732205983
5.878351340536215,-0.8681995667078334
5.882352941176471,-0.8514177499097347
5.886354541816727,-0.9917519523526059
5.890356142456983,-0.8931766941679753
5.894357743097239,-1.006573164117591
5.8983593437374955,-0.9400606308948919
5.902360944377751,-0.9942528292223022
5.906362545018007,-0.9717789520833807
5.910364145658264,-1.132454943144636
5.91436574629852,-0.9602384287095608
5.918367346938775,-0.9788453304769561
5.922368947579032,-1.1244509303820927
5.926370548219288,-0.9432158478478068
5.9303721488595444,-0.8987792278974434
5.9343737494998,-0.9535003371644095
5.938375350140056,-0.909711230026551
5.942376950780313,-1.0438340774373454
5.946378551420568,-1.014873739000296
5.950380152060824,-0.9882397316589542
5.954381752701081,-0.9827214713053362
5.958383353341337,-1.2335516846217955
5.9623849539815925,-1.0915373130992936
5.966386554621849,-0.8996784930776098
5.970388155262105,-1.0782101481617548
5.9743897559023615,-1.0243322873116718
5.978391356542617,-1.0041167286435844
5.982392957182873,-1.1318025360463462
5.98639455782313,-0.8382151336262065
5.990396158463386,-0.9974278815174534
5.9943977591036415,-1.0776103259603986
5.998399359743898,-0.9243888245678182
6.002400960384154,-1.015781117401072
6.00640256102441,-0.9767106168859352
6.010404161664666,-0.8377888402578598
6.014405762304922,-1.0284881083837585
6.018407362945179,-0.8553946034071296
6.022408963585434,-0.9988089919316455
6.02641056422569,-0.952293965799147
6.030412164865947,-0.9229524794199534
6.034413765506203,-0.9814913229084974
6.038415366146459,-1.0420889558435622
6.042416966786715,-0.8881069903835368
6.046418567426971,-0.8139108620279388
6.050420168067227,-0.8556435073360479
6.054421768707483,-0.8504284100320622
6.058423369347739,-0.9475126114797244
6.062424969987996,-0.824089284772979
6.066426570628251,-0.8479252585299477
6.0704281712685075,-0.7879103347294247
6.074429771908764,-0.8544424127600767
6.07843137254902,-0.7943981234483782
6.082432973189276,-0.8918205104908924
6.086434573829532,-0.7630457432042401
6.090436174469788,-0.9472980074943631
6.094437775110045,-0.8432232388493227
6.0984393757503,-0.8675900560849952
6.1024409763905565,-0.43504775631342335
6.106442577030813,-0.7078863644944272
6.110444177671068,-0.8686360085210533
6.114445778311325,-0.8838790748282568
6.118447378951581,-0.9082280590371461
6.122448979591837,-0.833888752193363
6.126450580232093,-0.7907626918510007
6.130452180872349,-0.7891091212631405
6.1344537815126055,-0.7236982271275826
6.138455382152862,-0.5786739273873645
6.142456982793117,-0.6669117733046381
6.146458583433374,-0.5603241332574213
6.15046018407363,-0.7224857124861297
6.154461784713885,-0.638347880269746
6.158463385354142,-0.6777681992190292
6.162464985994398,-0.5233391992451376
6.166466586634654,-0.5691417353050621
6.17046818727491,-0.3569128937403663
6.174469787915166,-0.584243889108184
6.1784713885554225,-0.6039350336929434
6.182472989195679,-0.45287410415412477
6.186474589835934,-0.4825495075286404
6.190476190476191,-0.3968711703618852
6.194477791116447,-0.43530463489788185
6.1984793917567025,-0.42504979116375813
6.202480992396959,4.540543555529965
6.206482593037215,4.598859934079182
6.2104841936774715,4.491480185871801
6.214485794317727,4.782984484263464
6.218487394957983,4.809090770452502
6.22248899559824,4.7949061354499225
6.226490596238496,4.674523521209029
6.230492196878751,4.676745577034215
6.234493797519008,4.808849893913596
6.238495398159264,4.6832418476932585
6.2424969987995205,4.9116246998234505
6.246498599439776,4.579483431558498
6.250500200080032,4.7921072833118705
6.254501800720289,4.750614344649378
6.258503401360544,5.001594677983731
6.2625050020008,5.0041300985236665
6.266506602641057,4.973140437824122
6.270508203281313,5.128219546755124
6.2745098039215685,4.95763728406561
6.278511404561825,5.039758405991994
6.282513005202081,4.836879699506543
6.286514605842338,4.984632528306811
6.290516206482593,5.047650695086081
6.294517807122849,4.964960934537377
6.298519407763106,5.102147652458935
6.302521008403361,4.899654064729823
6.3065226090436175,5.166435059056277
6.310524209683874,5.0928064594861455
6.31452581032413,5.07732707122593
6.318527410964386,5.250128798493299
6.322529011604642,5.341836017004455
6.326530612244898,5.304215127137788
6.330532212885155,5.153385779994453
6.33453381352541,5.32074667181312
6.3385354141656665,5.247636099702953
6.342537014805923,5.405365204539453
6.346538615446179,5.333607253640843
6.350540216086435,5.182986843955539
6.354541816726691,5.325055527874974
6.358543417366947,5.285410037380355
6.362545018007203,5.308745519860832
6.366546618647459,5.37234920822123
6.370548219287715,5.450476559105556
6.374549819927972,5.531903567041596
6.378551420568227,5.406423185936187
6.382553021208484,5.5979163129654825
6.38655462184874,5.32390071375524
6.390556222488996,5.427645959867735
6.394557823129252,5.733351663772495
6.398559423769508,5.431142335600065
6.402561024409764,0.6871912153391401
6.40656262505002,0.5759004503605022
6.410564225690276,0.5876158153420336
6.4145658263305325,0.7041931459994667
6.418567426970789,0.7059043709010413
6.422569027611044,0.7752329810199665
6.426570628251301,0.6323654327797186
6.430572228891557,0.6863201476802552
6.434573829531813,0.6616827851149477
6.438575430172069,0.589919643999997
6.442577030812325,0.7322966998056417
6.4465786314525815,0.7125843221242828
6.450580232092838,0.5554819196252923
6.454581832733093,0.866809823641947
6.45858343337335,0.7836282907948743
6.462585034013606,0.7114348216770077
6.466586634653861,0.8270271480461515
6.470588235294118,0.7533827655911439
6.474589835934374,0.837629818386377
6.47859143657463,0.9675602419109067
6.482593037214886,0.8797423123239151
6.486594637855142,0.8018520558665424
6.490596238495399,0.7578147084127537
6.494597839135655,0.7994818893097195
6.49859943977591,0.9617772475703056
6.502601040416167,0.8842214395257443
6.506602641056423,0.9548026247262816
6.5106042416966785,0.8794512034894619
6.514605842336935,0.8223034346960021
6.518607442977191,0.983401380568727
6.5226090436174475,0.8501014235509717
6.526610644257703,0.8973148975100929
6.530612244897959,0.8224579552948375
6.534613845538216,0.8576926064948394
6.538615446178472,1.0467673066880614
6.5426170468187275,1.0675806323720116
6.546618647458984,1.0771556325628935
6.55062024809924,1.0823269451782893
6.5546218487394965,0.9418680592107265
6.558623449379752,1.0478561977346708
6.562625050020008,1.0902584881664459
6.566626650660265,0.900969382774949
6.57062825130052,1.0104684660649657
6.574629851940776,0.9807984974675639
6.578631452581033,0.8084909288128351
6.582633053221289,1.0298605919800237
6.586634653861545,0.9271094172277538
6.590636254501801,1.1045599716248518
6.594637855142057,0.9236731852422679
6.598639455782314,1.0328901860078497
6.602641056422569,1.0108673392015615
6.606642657062825,0.8266211159681148
6.610644257703082,0.9657556305142497
6.614645858343337,1.031988492823779
6.6186474589835935,1.0966834431992094
6.62264905962385,0.9938604472145341
6.626650660264106,1.0798925345496178
6.630652260904362,1.0399011483473146
6.634653861544618,1.0397318836956495
6.638655462184874,1.0402962333774144
6.642657062825131,0.9469870447764479
6.646658663465386,0.8708407319061608
6.6506602641056425,1.1216533543115192
6.654661864745899,1.0360472119221242
6.658663465386155,0.946519245900561
6.662665066026411,1.0088537952796683
6.666666666666667,0.9802684526069096
6.670668267306923,0.8481313951941766
6.674669867947179,0.89240398070395
6.678671468587435,1.0511012103919362
6.682673069227691,0.9098304013802601
6.686674669867948,0.9394220976629333
6.690676270508203,1.0190384309332423
6.69467787114846,0.8830651717165348
6.698679471788716,0.7812284154093568
6.702681072428972,0.8758104844642909
6.706682673069228,0.7984150813206178
6.710684273709484,0.7045203524968706
6.71468587434974,0.913073247508589
6.718687474989996,0.7958935996153818
6.722689075630252,0.5114277895943822
6.7266906762705085,0.8234103338517719
6.730692276910765,0.8124258781289699
6.73469387755102,0.9683914576132753
6.738695478191277,0.760056844832631
6.742697078831533,0.8540905348855287
6.746698679471789,0.7985424882043273
6.750700280112045,0.6612072915947319
6.754701880752301,0.740953685996947
6.7587034813925575,0.675374675749439
6.762705082032813,0.608457300356957
6.766706682673069,0.6107191974713513
6.770708283313326,0.5820254716060071
6.774709883953582,0.6309060201348654
6.778711484593837,0.6157691394503402
6.782713085234094,0.5453825211162522
6.78671468587435,0.563423414258181
6.7907162865146065,0.3802915087664994
6.794717887154862,0.4504616166416015
6.798719487795118,0.5052604349170199
6.802721088435375,0.6846565611795903
6.806722689075631,0.5635894778465301
6.810724289715886,0.38511149942606515
6.814725890356143,0.6267085720647809
6.818727490996399,0.447262307996885
6.8227290916366545,0.31597785853662147
6.826730692276911,0.4033956968458193
6.830732292917167,0.4914774265701587
6.834733893557424,0.2611208959765234
6.838735494197679,0.2522533850649283
6.842737094837935,0.5177307449656973
6.846738695478192,0.34783848677165746
6.850740296118448,0.25199932734186725
6.8547418967587035,0.26939365423457695
6.85874349739896,0.2893049282803991
6.862745098039216,0.22204052801652535
6.866746698679472,0.356905503629667
6.870748299319728,0.21226331805890447
6.874749899959984,0.24910792736461523
6.878751500600241,0.17136226860048653
6.882753101240496,0.13952430816045086
6.8867547018807524,0.21272569605779387
6.890756302521009,0.19494382813776076
6.894757903161265,-0.07972525114805379
6.898759503801521,0.06175070018820845
6.902761104441777,0.24867067180626526
6.906762705082033,-0.020912732401454213
6.91076430572229,0.04910447305748798
6.914765906362545,0.10841646610079178
6.918767507002801,-0.14712465418268347
6.922769107643058,-0.09362430193962022
6.926770708283313,-0.23344878365868696
6.9307723089235695,-0.08574746653030438
6.934773909563826,-0.07760472200410307
6.938775510204082,-0.07159085748503984
6.942777110844338,0.0016476193604613998
6.946778711484594,-0.1691104117156083
6.95078031212485,-0.31038463757482404
6.954781912765107,-0.30279938608247187
6.958783513405362,-0.31043043625942834
6.9627851140456185,-0.2328369493589281
6.966786714685875,-0.03791045501582524
6.97078831532613,-0.29930469885571137
6.974789915966387,-0.17377062834617998
6.978791516606643,-0.3415325011062434
6.982793117246899,-0.46510209183328505
6.986794717887155,-0.44926382676555365
6.990796318527411,-0.45906596466880395
6.9947979191676675,-0.41675985803743065
6.998799519807924,-0.382195727691898
7.002801120448179,-0.5066512993765082
7.006802721088436,-0.3796054214826481
7.010804321728692,-0.3716317584628118
7.014805922368948,-0.5201840230124325
7.018807523009204,-0.41933261605145816
7.02280912364946,-0.7224634815903839
7.026810724289716,-0.7809456532843128
7.030812324929972,-0.47850656538923286
7.034813925570228,-0.6204157592315236
7.038815526210485,-0.37406577141647945
7.042817126850741,-0.6196861929465857
7.046818727490996,-0.7261538124213911
7.050820328131253,-0.4729309713865735
7.054821928771509,-0.5912389622138639
7.058823529411765,-0.5168945534894686
7.062825130052021,-0.7451106677933608
7.066826730692277,-0.6644233403188872
7.0708283313325335,-0.802557802152094
7.074829931972789,-0.9034308600258505
7.078831532613045,-0.6681515341636952
7.082833133253302,-0.8013344331301817
7.086834733893558,-0.8681829198615629
7.0908363345338135,-0.9200614023648775
7.09483793517407,-0.7753070475800102
7.098839535814326,-0.7991806017711024
7.1028411364545825,-0.8656332884753348
7.106842737094838,-0.8960710183303313
7.110844337735094,-0.7630766926035715
7.114845938375351,-1.0986066715714102
7.118847539015607,-0.7976413330086937
7.122849139655862,-0.824229084641438
7.126850740296119,-1.003452311375393
7.130852340936375,-1.0831569054627754
7.1348539415766306,-0.8398240445305546
7.138855542216887,-1.0246569052667214
7.142857142857143,-0.758168000806734
7.1468587434974,-0.7115658062836063
7.150860344137655,-0.8881926898936904
7.154861944777911,-0.9481329897040601
7.158863545418168,-0.9666418680824416
7.162865146058424,-1.1217028996130978
7.1668667466986795,-0.985670047186581
7.170868347338936,-1.0085711832807742
7.174869947979192,-1.0315410556082631
7.178871548619448,-0.9335772472040794
7.182873149259704,-0.9640689777050735
7.18687474989996,-0.9026333262500132
7.190876350540217,-1.0292680976203665
7.194877951180472,-0.9279146785953719
7.1988795518207285,-0.9902512049402757
7.202881152460985,-0.9338792817647873
7.206882753101241,-1.0033660238910025
7.210884353741497,-0.8194673218241395
7.214885954381753,-1.242714550666483
7.218887555022009,-0.9368644610349411
7.222889155662265,-0.9142577479430702
7.226890756302521,-1.1266570605789958
7.230892356942777,-0.8171616685473326
7.234893957583034,-0.9967005293033764
7.238895558223289,-1.0102812141194013
7.242897158863546,-0.9591598378717398
7.246898759503802,-0.9056179805666962
7.250900360144058,-0.9788274001586637
7.254901960784314,-0.9792646606371794
7.25890356142457,-0.9024363350370479
7.262905162064826,-0.8858283349662539
7.266906762705083,-0.9451546731372666
7.270908363345338,-1.1292808384406972
7.2749099639855945,-1.0716917273302837
7.278911564625851,-0.8562996096108787
7.282913165266106,-0.9871153890683481
7.286914765906363,-1.0133300504212683
7.290916366546619,-0.9032491515746699
7.294917967186875,-0.9090478131650479
7.298919567827131,-0.9554788020643921
7.302921168467387,-0.8519579082286143
7.3069227691076435,-1.0453915195923824
7.3109243697479,-1.083742516170858
7.314925970388155,-0.7517858447125052
7.318927571028412,-1.0055084180127722
7.322929171668668,-1.0316086275032401
7.326930772308923,-0.9071427302401222
7.33093237294918,-0.8676084983127201
7.334933973589436,-0.9022618984999733
7.3389355742296924,-0.8667023406972877
7.342937174869948,-0.9750920735031408
7.346938775510204,-0.7503402652368597
7.350940376150461,-0.9631136005472695
7.354941976790717,-0.7960099637837862
7.358943577430972,-0.7626589666323111
7.362945178071229,-0.7086360916591156
7.366946778711485,-0.737957049157919
7.370948379351741,-0.8563829406225776
7.374949979991997,-0.7752377557965864
7.378951580632253,-0.7907805003436731
7.3829531812725095,-0.8636647960014093
7.386954781912765,-0.6485018454475104
7.390956382553021,-0.7531451273125578
7.394957983193278,-0.647754982391287
7.398959583833534,-0.6586220202138182
7.4029611844737895,-0.7457218921765543
7.406962785114046,-0.7367756384974278
7.410964385754302,-0.6341376848732765
7.4149659863945585,-0.7158651178537077
7.418967587034814,-0.4692871212582932
7.42296918767507,-0.4170925218293081
7.426970788315327,-0.4564859714526286
7.430972388955582,-0.48286946720818624
7.434973989595838,-0.49442905007676846
7.438975590236095,-0.5879235408800974
7.442977190876351,-0.3827672795201234
7.446978791516607,-0.31063963520237237
7.450980392156863,-0.4636874662083388
7.454981992797119,-0.415226625399225
7.458983593437376,-0.47406203202488206
7.462985194077631,-0.40792819488023957
7.466986794717887,-0.48193606252927845
7.470988395358144,-0.36634105173763015
7.4749899959984,-0.27524531312492684
7.4789915966386555,-0.2669700370674158
7.482993197278912,-0.2552688024597449
7.486994797919168,-0.5052059780912658
7.490996398559424,-0.23691121949847174
7.49499799919968,-0.1609350075625011
7.498999599839936,-0.20357620756902137
7.503001200480193,-0.06952644995198327
7.507002801120448,-0.17333126415788644
7.5110044017607045,-0.10387571156012229
7.515006002400961,-0.22403466131796876
7.519007603041217,-0.045263785229783506
7.523009203681473,-0.005289631157209457
7.527010804321729,-0.1353724804755041
7.531012404961985,-0.1869815440700944
7.535014005602241,-0.0691218401772275
7.539015606242497,-0.10384983099957006
7.5430172068827535,0.0758628463336019
7.54701880752301,-0.012913992896889978
7.551020408163265,0.12780179600050096
7.555022008803522,-0.08045512091073637
7.559023609443778,0.013030500723291719
7.563025210084034,0.039371480676483106
7.56702681072429,0.16316644709039815
7.571028411364546,-0.052238822786086936
7.575030012004802,0.14766132261346243
7.579031612645059,0.15834872025628977
7.583033213285314,0.25053354773611425
7.5870348139255706,0.23891664243200877
7.591036414565827,0.15783030117360142
7.595038015206082,0.046709551686811124
7.599039615846339,0.21471274594692796
7.603041216486595,0.1841779463785559
7.607042817126851,0.20896484981379534
7.611044417767107,0.27514950688615236
7.615046018407363,0.44907741164850135
7.6190476190476195,0.25892756013574036
7.623049219687876,0.2187284949161553
7.627050820328131,0.36449697691888544
7.631052420968388,0.4126545593376829
7.635054021608644,0.42384429420163444
7.6390556222488994,0.4100999583423947
7.643057222889156,0.4690884108988065
7.647058823529412,0.5324084915588662
7.6510604241696685,0.44075265728892943
7.655062024809924,0.6450560834501493
7.65906362545018,0.5432015560897939
7.663065226090437,0.6758914689907211
7.667066826730693,0.6205146958821561
7.671068427370948,0.4841086594243009
7.675070028011205,0.43036768498083056
7.679071628651461,0.7478410266093529
7.6830732292917165,0.565320156312212
7.687074829931973,0.6618076185062495
7.691076430572229,0.625940311076434
7.695078031212486,0.8348694985496279
7.699079631852741,0.7072963307231145
7.703081232492997,0.5905845489069996
7.707082833133254,0.7157884444023396
7.71108443377351,0.867896673723516
7.7150860344137655,0.6813826677899243
7.719087635054022,0.6248685897353404
7.723089235694278,0.8663943317405352
7.7270908363345345,0.7075014523786074
7.73109243697479,0.6470947527465262
7.735094037615046,0.733939453626306
7.739095638255303,0.8617240748776706
7.743097238895558,0.8888890664182196
7.7470988395358145,0.8949604734369493
7.751100440176071,0.7627347641108705
7.755102040816327,0.9649399049931657
7.759103641456583,0.9579335247997536
7.763105242096839,0.9417940271182415
7.767106842737095,0.7966690842593026
7.771108443377352,0.8502637506573258
7.775110044017607,0.9514009118972713
7.779111644657863,0.9853581961398137
7.78311324529812,0.8333112332040555
7.787114845938375,1.1163820553771855
7.791116446578632,0.934047947214236
7.795118047218888,1.048719167691313
7.799119647859144,0.8352938801226875
7.8031212484994,0.9853786862321366
7.807122849139656,0.8430528768945187
7.811124449779912,0.9892400780365781
7.815126050420169,1.0244300572318752
7.819127651060424,1.0336441992520893
7.8231292517006805,0.9113524364568187
7.827130852340937,0.8060974535844692
7.831132452981193,1.0227309591340394
7.835134053621449,0.9527051352220033
7.839135654261705,0.9543363565969881
7.843137254901961,0.9033179789349616
7.847138855542217,0.9910425183653566
7.851140456182473,0.9964348791312179
7.8551420568227295,1.1024848511528893
7.859143657462986,0.7950116512124039
7.863145258103241,0.8636721295438027
7.867146858743498,1.0408266275821767
7.871148459383754,0.7731586395893919
7.87515006002401,0.9191201439343747
7.879151660664266,1.2265500005425065
7.883153261304522,0.9586087940430458
7.887154861944778,1.0532168096143395
7.891156462585034,0.8116011332891758
7.89515806322529,1.0458903365270211
7.899159663865547,0.9338679422720445
7.903161264505803,0.9958521782348426
7.907162865146058,1.0175353281948465
7.911164465786315,0.9049572417478022
7.915166066426571,0.9992434606862169
7.919167667066827,0.8322837202496673
7.923169267707083,0.943143123246205
7.927170868347339,0.9827884330344112
7.9311724689875955,0.8694957027831218
7.935174069627852,0.8194479253910472
7.939175670268107,0.8620177660331465
7.943177270908364,1.0082077329670527
7.94717887154862,0.9840627787372469
7.9511804721888755,0.957291494776712
7.955182072829132,1.0254723003320192
7.959183673469388,0.8654469253119886
7.9631852741096445,0.8721883691483602
7.9671868747499,0.6447421654294999
7.971188475390156,0.7421386857112257
7.975190076030413,0.8730561446261966
7.979191676670669,0.8971703542025784
7.983193277310924,0.669187479435446
7.987194877951181,0.776949489369711
7.991196478591437,0.989680405577087
7.995198079231693,0.7521381360036361
7.999199679871949,0.892259558705086
8.003201280512204,0.769071725103719
8.00720288115246,0.7767526703217951
8.011204481792717,0.6156522965647653
8.015206082432973,0.5314066791640103
8.01920768307323,0.7499671137407035
8.023209283713486,0.6935899332024706
8.027210884353742,0.6538241135711534
8.031212484993999,0.49968519893545116
8.035214085634253,0.5810948398430771
8.03921568627451,0.5392324942130592
8.043217286914766,0.5329124366863546
8.047218887555022,0.5912890081558064
8.051220488195279,0.6224904906868216
8.055222088835535,0.5636804968273976
8.059223689475791,0.5375101871356207
8.063225290116046,0.5121996986025164
8.067226890756302,0.4659537951131737
8.071228491396559,0.3827542629570579
8.075230092036815,0.45270875229765434
8.079231692677071,0.50477568914514
8.083233293317328,0.4003701763774081
8.087234893957584,0.3015504241388673
8.09123649459784,0.255551663059532
8.095238095238095,0.261117049331222
8.099239695878351,0.22335840703786933
8.103241296518608,0.6079542233024287
8.107242897158864,0.2120337997200686
8.11124449779912,0.27681726014800717
8.115246098439377,0.2527246166671058
8.119247699079633,0.3833697214702192
8.123249299719888,0.26551539663824164
8.127250900360144,0.24547809162911294
8.1312525010004,0.20083658485140668
8.135254101640657,0.19120330584117073
8.139255702280913,0.17614993058167275
8.14325730292117,0.061356471628130696
8.147258903561426,0.012484427475841373
8.15126050420168,0.09016600769576438
8.155262104841936,0.01065718169210169
8.159263705482193,0.06280806283429424
8.16326530612245,-0.08355099616129277
8.167266906762706,-0.14300585183665387
8.171268507402962,-0.14356975996744115
8.175270108043218,-0.04302632027606246
8.179271708683475,-0.21718218930201677
8.183273309323729,0.11937609562334717
8.187274909963985,0.0996990428778636
8.191276510604242,-0.026870912870281705
8.195278111244498,-0.17221100884030943
8.199279711884754,-0.2034259512523421
8.20328131252501,-0.14514585441291894
8.207282913165267,-0.13480104611101507
8.211284513805522,-0.18442312924614754
8.215286114445778,-0.36459638238239833
8.219287715086034,-0.27194655238873394
8.22328931572629,-0.21893448500513735
8.227290916366547,-0.5276112903597889
8.231292517006803,-0.4210682812582195
8.23529411764706,-0.27690562674571556
8.239295718287316,-0.3795300600743739
8.24329731892757,-0.39811250951224253
8.247298919567827,-0.27469316728105975
8.251300520208083,-0.4093012471358525
8.25530212084834,-0.46948672483542475
8.259303721488596,-0.4710508077468418
8.263305322128852,-0.48563395121427205
8.267306922769109,-0.5592159775289437
8.271308523409363,-0.5155171513160807
8.27531012404962,-0.6245589717817587
8.279311724689876,-0.5610013403612526
8.283313325330132,-0.596167011405053
8.287314925970389,-0.5380937780539968
8.291316526610645,-0.4262231137443614
8.295318127250901,-0.5679339722103862
8.299319727891156,-0.5995532799898604
8.303321328531412,-0.6022177936999705
8.307322929171669,-0.7273657422387302
8.311324529811925,-0.5861147975456177
8.315326130452181,-0.6306337544349805
8.319327731092438,-0.6904674491685812
8.323329331732694,-0.664891044666999
8.32733093237295,-0.6817640649096398
8.331332533013205,-0.6954362670794151
8.335334133653461,-0.6425180248682398
8.339335734293718,-0.831022263090083
8.343337334933974,-0.6370514320583374
8.34733893557423,-0.9410939026307465
8.351340536214487,-0.7269819150212632
8.355342136854743,-0.7884201316116554
8.359343737494997,-0.9131901661579315
8.363345338135254,-0.7253647730216329
8.36734693877551,-1.0206708948548688
8.371348539415767,-0.6875055945607672
8.375350140056023,-0.6347145596205701
8.37935174069628,-0.8867397240135259
8.383353341336536,-0.9828668172807874
8.387354941976792,-0.9471916604812506
8.391356542617046,-0.8008734202421209
8.395358143257303,-0.9392296529392038
8.39935974389756,-1.2087854707092995
8.403361344537815,-0.8847714968401198
8.407362945178072,-0.8412386688066704
8.411364545818328,-0.8863271397065849
8.415366146458584,-0.8771864945352719
8.419367747098839,-0.7904487207200923
8.423369347739095,-0.9780487114201318
8.427370948379352,-0.7906886838025565
8.431372549019608,-0.9831917294022541
8.435374149659864,-0.8599352528887281
8.43937575030012,-0.9912979904253801
8.443377350940377,-0.7772917944707473
8.447378951580633,-0.9200032908545812
8.451380552220888,-0.9976907179345745
8.455382152861144,-1.1109146935500505
8.4593837535014,-0.9728213325639612
8.463385354141657,-1.0774589290886247
8.467386954781913,-0.9531212455288599
8.47138855542217,-0.9326152916189558
8.475390156062426,-0.8953671160118464
8.47939175670268,-0.9461236013491402
8.483393357342937,-0.9919792654089464
8.487394957983193,-0.8672185742427487
8.49139655862345,-0.8549190995634578
8.495398159263706,-1.103127015345717
8.499399759903962,-0.8201394931848289
8.503401360544219,-0.8715347892972382
8.507402961184473,-1.0774448558953038
8.51140456182473,-1.1773437655276504
8.515406162464986,-0.8658839239171741
8.519407763105242,-0.9622125828487228
8.523409363745499,-1.0244840954096994
8.527410964385755,-0.9432777122407083
8.531412565026011,-0.8513730275906122
8.535414165666268,-1.1681007869804598
8.539415766306522,-0.9468806653569151
8.543417366946779,-0.9479304159104761
8.547418967587035,-0.7978152792577813
8.551420568227291,-0.858018403994622
8.555422168867548,-0.8519830260810989
8.559423769507804,-0.9709518450518124
8.56342537014806,-0.8518977075365312
8.567426970788315,-0.9592915524551189
8.571428571428571,-0.913208147228938
8.575430172068828,-0.8361411324694678
8.579431772709084,-0.8758297427599946
8.58343337334934,-0.8432283185316252
8.587434973989597,-0.7336814655099926
8.591436574629853,-0.8912701131922837
8.59543817527011,-0.9479789036930324
8.599439775910364,-0.9240026229419767
8.60344137655062,-0.9345479598960886
8.607442977190876,-0.6498018616802571
8.611444577831133,-0.7332413784180845
8.61544617847139,-0.6794127224200954
8.619447779111646,-0.684823574359598
8.623449379751902,-0.7809681564460557
8.627450980392156,-0.5850103661640624
8.631452581032413,-0.8036611885990818
8.635454181672669,-0.5196116865816806
8.639455782312925,-0.6944668576633078
8.643457382953182,-0.5136754156049163
8.647458983593438,-0.7828838451121646
8.651460584233694,-0.7062750210268393
8.65546218487395,-0.8083125154772177
8.659463785514205,-0.5284313632948293
8.663465386154462,-0.5917137886118614
8.667466986794718,-0.3995070027797721
8.671468587434974,-0.6334584800118279
8.67547018807523,-0.4350095151946713
8.679471788715487,-0.5441563529872215
8.683473389355743,-0.5447357841994129
8.687474989995998,-0.5472898737460979
8.691476590636254,-0.5856534807786952
8.69547819127651,-0.4463005496055664
8.699479791916767,-0.44497911523781025
8.703481392557023,-0.6055929228636879
8.70748299319728,-0.6814728024283732
8.711484593837536,-0.4435058107757247
8.71548619447779,-0.27769623384270714
8.719487795118047,-0.3532205778076103
8.723489395758303,-0.48708096275276425
8.72749099639856,-0.51543273483788
8.731492597038816,-0.20367199507518735
8.735494197679072,-0.4654315771946872
8.739495798319329,-0.20504891120721058
8.743497398959585,-0.20482185004640624
8.74749899959984,-0.07889827813865374
8.751500600240096,-0.2858206206224039
8.755502200880352,-0.10942724593890728
8.759503801520609,-0.04374126950314247
8.763505402160865,-0.29773820590044553
8.767507002801121,-0.1309508615031279
8.771508603441378,-0.12846944498337148
8.775510204081632,-0.2109326126220941
8.779511804721889,-0.05820577177703777
8.783513405362145,-0.18158406564940727
8.787515006002401,-0.006490945719228314
8.791516606642658,0.19266433949710587
8.795518207282914,-0.02512944507759618
8.79951980792317,0.0058121617459587875
8.803521408563427,0.17695338544441785
8.807523009203681,0.18123847985178626
8.811524609843937,0.013490150201375353
8.815526210484194,0.16401111665377965
8.81952781112445,-0.18017663306441403
8.823529411764707,0.03452519557395575
8.827531012404963,0.26172184081620053
8.83153261304522,0.1234459605205571
8.835534213685474,0.17410016529740086
8.83953581432573,0.12128849719523399
8.843537414965986,0.1247495513119047
8.847539015606243,0.0030124465568306946
8.8515406162465,0.2356225453782908
8.855542216886755,0.3376969127142898
8.859543817527012,0.33490265043380835
8.863545418167266,0.24597357232659395
8.867547018807523,0.20510179458646935
8.871548619447779,0.32929978311342034
8.875550220088035,0.2523303079593442
8.879551820728292,0.3268555636427576
8.883553421368548,0.4347471184057013
8.887555022008804,0.35274096033452074
8.89155662264906,0.5864020434176183
8.895558223289315,0.37088463623090023
8.899559823929572,0.4324935686693673
8.903561424569828,0.5952527860969111
8.907563025210084,0.5964258989134759
8.91156462585034,0.5959381176392227
8.915566226490597,0.4971460741864494
8.919567827130853,0.6358139489504017
8.923569427771108,0.6728266598657053
8.927571028411364,0.6537707709533777
8.93157262905162,0.6221027818518254
8.935574229691877,0.6985355862496039
8.939575830332133,0.6484792815521285
8.94357743097239,0.7114175393758089
8.947579031612646,0.693185455468288
8.951580632252902,0.5490800187602476
8.955582232893157,0.6559208893030122
8.959583833533413,0.9361981570169888
8.96358543417367,0.547978752784025
8.967587034813926,0.9102131149498054
8.971588635454182,0.8305103676959257
8.975590236094439,0.7840403544468719
8.979591836734695,0.6249248437347007
8.98359343737495,0.8048818221261146
8.987595038015206,0.742072880411005
8.991596638655462,0.9469845309491149
8.995598239295719,0.7724667755826427
8.999599839935975,0.8222679878728565
9.003601440576231,0.8848426633441129
9.007603041216488,0.8058013373885002
9.011604641856744,0.9757943601192065
9.015606242496998,0.859675231759559
9.019607843137255,0.7101533009328216
9.023609443777511,0.9219272140765469
9.027611044417768,0.9958383101907216
9.031612645058024,1.0667880115071189
9.03561424569828,0.9857663693477329
9.039615846338537,1.05295502504248
9.043617446978791,0.9934787954011373
9.047619047619047,0.8548552466240611
9.051620648259304,0.8786815515848696
9.05562224889956,0.7325535923289566
9.059623849539816,0.9459843267355471
9.063625450180073,1.037804193899699
9.06762705082033,0.8192035784764415
9.071628651460584,1.1104547015313453
9.07563025210084,0.9744573478564719
9.079631852741096,0.8983836396861052
9.083633453381353,0.8326177887857501
9.087635054021609,1.1595095640770137
9.091636654661865,1.1137091104154562
9.095638255302122,0.9568553652211266
9.099639855942378,1.091394594721636
9.103641456582633,0.9784358586742161
9.107643057222889,0.9394460656430783
9.111644657863145,0.9346623201722576
9.115646258503402,0.9764698764315762
9.119647859143658,0.9591255784363741
9.123649459783914,1.004024874275602
9.12765106042417,1.157210533455443
9.131652661064425,1.2223084391827626
9.135654261704682,0.871919166846753
9.139655862344938,1.0354251670651506
9.143657462985194,1.0073495068843334
9.14765906362545,1.0359458516873041
9.151660664265707,0.9340002032869635
9.155662264905963,1.029156246132083
9.15966386554622,0.8321142928071716
9.163665466186474,1.3032555136174298
9.16766706682673,0.9886545416159187
9.171668667466987,1.0267748445769982
9.175670268107243,0.8357427423683649
9.1796718687475,0.8714706871152372
9.183673469387756,0.7871677468222995
9.187675070028012,1.0723210647340642
9.191676670668267,0.8080183416710043
9.195678271308523,0.8920314251318466
9.19967987194878,0.8880348699491407
9.203681472589036,0.9410010457931578
9.207683073229292,0.7552828014565166
9.211684673869549,0.9609761163977457
9.215686274509805,0.9896526458917998
9.219687875150061,0.7889429704346476
9.223689475790316,0.8407399203486746
9.227691076430572,0.8961667143884117
9.231692677070829,0.8478489320545838
9.235694277711085,0.7107699983897213
9.239695878351341,0.8689940886296601
9.243697478991598,0.9379430792491182
9.247699079631854,0.9251198673419462
9.251700680272108,0.8188733362964288
9.255702280912365,0.8248195048777334
9.259703881552621,0.6958802585844225
9.263705482192877,0.6293579826559138
9.267707082833134,0.700205071147068
9.27170868347339,0.9192304489019423
9.275710284113647,0.6251208281346395
9.279711884753901,0.7068240108082774
9.283713485394157,0.6860555798302784
9.287715086034414,0.5954844452848574
9.29171668667467,0.765662766199483
9.295718287314926,0.7603178783487271
9.299719887955183,0.8520384459078414
9.30372148859544,0.4891537302483006
9.307723089235695,0.5931378198085675
9.31172468987595,0.5444966431703675
9.315726290516206,0.44999763745467325
9.319727891156463,0.43481089271197193
9.323729491796719,0.5007020772994297
9.327731092436975,0.419722970245152
9.331732693077232,0.3506595158832064
9.335734293717488,0.44301330133405653
9.339735894357743,0.30188488061281116
9.343737494997999,0.34756915541337763
9.347739095638255,0.41191534114458117
9.351740696278512,0.3436138765534748
9.355742296918768,0.31262242597280554
9.359743897559024,0.5003558345275004
9.36374549819928,0.44071028820345326
9.367747098839537,0.28955123599006405
9.371748699479792,0.16061874650367464
9.375750300120048,0.3237664315856787
9.379751900760304,0.4758513208682956
9.38375350140056,0.3401861312857536
9.387755102040817,0.05404678696208509
9.391756702681073,0.14459307801112148
9.39575830332133,0.07129135049120607
9.399759903961584,0.032157109720798355
9.40376150460184,0.21839343393266059
9.407763105242097,0.19636827420121156
9.411764705882353,0.24256456413955918
9.41576630652261,0.11287792921857356
9.419767907162866,0.020569725852248772
9.423769507803122,0.023831423439304476
9.427771108443377,-0.10552332936655595
9.431772709083633,0.10204333642361348
9.43577430972389,-0.12907455085834674
9.439775910364146,-0.11578030545134926
9.443777511004402,-0.12522428956025078
9.447779111644659,-0.42185129938202987
9.451780712284915,-0.047847728228646774
9.455782312925171,-0.24917525699190202
9.459783913565426,-0.10518842722357327
9.463785514205682,-0.23865958840376802
9.467787114845938,-0.2591340231124403
9.471788715486195,-0.3439524022748293
9.475790316126451,-0.1134613191652141
9.479791916766708,-0.11049051851982461
9.483793517406964,-0.19082540109966037
9.487795118047218,-0.283386885395565
9.491796718687475,-0.315285903814652
9.495798319327731,-0.23902653815128827
9.499799919967987,-0.37894375491274174
9.503801520608244,-0.2531514293070066
9.5078031212485,-0.49956801381753624
9.511804721888756,-0.32337350862141523
9.515806322529013,-0.31108040832879236
9.519807923169267,-0.5672829809880834
9.523809523809524,-0.5590734213840756
9.52781112444978,-0.4971262607916744
9.531812725090036,-0.46767832826299843
9.535814325730293,-0.5888573225687772
9.539815926370549,-0.5347743914267509
9.543817527010805,-0.7672940402475006
9.54781912765106,-0.5006273955808769
9.551820728291316,-0.512146148710256
9.555822328931573,-0.4572351938201534
9.559823929571829,-0.5676993637952316
9.563825530212085,-0.677574966072496
9.567827130852342,-0.7572358257325118
9.571828731492598,-0.7520893486226439
9.575830332132854,-0.6943614129715658
9.579831932773109,-0.7845925914193983
9.583833533413365,-0.790900336128839
9.587835134053622,-0.731698992548662
9.591836734693878,-0.9026541828954713
9.595838335334134,-0.8538453135800536
9.59983993597439,-0.7458986454345853
9.603841536614647,-0.753757894457661
9.607843137254902,-0.7062729615998915
9.611844737895158,-0.7893024446161401
9.615846338535414,-0.8134186886483902
9.61984793917567,-0.7641950796676552
9.623849539815927,-0.8199236084489123
9.627851140456183,-0.9468841208109311
9.63185274109644,-0.9400087026431219
9.635854341736694,-0.7024308736176098
9.63985594237695,-0.558077216714291
9.643857543017207,-0.8155003847113687
9.647859143657463,-0.9989307772147654
9.65186074429772,-0.7168122913305008
9.655862344937976,-0.957988833181975
9.659863945578232,-0.8803647443773923
9.663865546218489,-0.9324165009564028
9.667867146858743,-0.9189265252167707
9.671868747499,-0.988325924304162
9.675870348139256,-0.8209042808498938
9.679871948779512,-0.9751521650616527
9.683873549419769,-0.9010689210718279
9.687875150060025,-0.9084773335213197
9.691876750700281,-0.9834868425517397
9.695878351340536,-1.1273848752570996
9.699879951980792,-1.063733661666356
9.703881552621048,-0.9134805406582269
9.707883153261305,-0.9572281028733225
9.711884753901561,-1.072369112249214
9.715886354541817,-0.988995246179298
9.719887955182074,-0.974502067451812
9.72388955582233,-0.9388946952256515
9.727891156462585,-0.8164485588730249
9.731892757102841,-1.2276671438412528
9.735894357743097,-0.8788145801281034
9.739895958383354,-0.9782697796997437
9.74389755902361,-1.1027192502031233
9.747899159663866,-0.9825076181367015
9.751900760304123,-0.8532587713578884
9.755902360944377,-0.8218349067997963
9.759903961584634,-1.0966259563695753
9.76390556222489,-1.077077499981162
9.767907162865146,-1.1188272656016913
9.771908763505403,-0.9631397044345666
9.775910364145659,-0.9547255772806844
9.779911964785915,-0.8803372454572628
9.78391356542617,-0.9306891575429179
9.787915166066426,-0.8808143967865412
9.791916766706683,-1.1038139505259157
9.795918367346939,-0.7844115712082474
9.799919967987195,-0.8241495945196272
9.803921568627452,-1.0005954873059124
9.807923169267708,-1.0198214331639557
9.811924769907964,-0.8595232743192426
9.815926370548219,-1.0829810031928782
9.819927971188475,-0.9926413848669621
9.823929571828732,-1.0138305375150989
9.827931172468988,-0.9123066689060563
9.831932773109244,-0.9382287146146698
9.8359343737495,-0.9632231608262597
9.839935974389757,-0.9635442399711907
9.843937575030012,-0.9292282724824391
9.847939175670268,-0.9741320728596412
9.851940776310524,-0.7903117885327744
9.85594237695078,-0.7210820602413037
9.859943977591037,-0.7823291644931604
9.863945578231293,-0.6726580365736285
9.86794717887155,-0.8831259149912725
9.871948779511806,-0.8617472003264149
9.87595038015206,-0.7301505822021075
9.879951980792317,-0.7043402054134025
9.883953581432573,-0.746915991024389
9.88795518207283,-0.7375089935225796
9.891956782713086,-0.8279283759086042
9.895958383353342,-0.9733657924516752
9.899959983993599,-0.6372704671341791
9.903961584633853,-0.5802851208721129
9.90796318527411,-0.7072478828068343
9.911964785914366,-0.7037472395744248
9.915966386554622,-0.6990544255431413
9.919967987194878,-0.6550831224598799
9.923969587835135,-0.5010814051734057
9.927971188475391,-0.6790793592071509
9.931972789115648,-0.5047237422406221
9.935974389755902,-0.6024809437400055
9.939975990396158,-0.7353267234152658
9.943977591036415,-0.5532550238790239
9.947979191676671,-0.33777803594292216
9.951980792316927,-0.5528511573558671
9.955982392957184,-0.4904343218481691
9.95998399359744,-0.4481170358956417
9.963985594237695,-0.41122234078761255
9.967987194877951,-0.258584069086018
9.971988795518207,-0.4738073627143747
9.975990396158464,-0.3749879304985657
9.97999199679872,-0.28157258303335636
9.983993597438976,-0.4100921644516225
9.987995198079233,-0.31247949524618973
9.991996798719487,-0.20255680856257066
9.995998399359744,-0.33360582055174043
10.0,-0.2796973380302514
